-- phpMyAdmin SQL Dump
-- version 4.0.10.7
-- http://www.phpmyadmin.net
--
-- Host: localhost:3306
-- Generation Time: May 28, 2016 at 09:48 AM
-- Server version: 5.5.40-36.1
-- PHP Version: 5.4.31

SET SQL_MODE = "NO_AUTO_VALUE_ON_ZERO";
SET time_zone = "+00:00";


/*!40101 SET @OLD_CHARACTER_SET_CLIENT=@@CHARACTER_SET_CLIENT */;
/*!40101 SET @OLD_CHARACTER_SET_RESULTS=@@CHARACTER_SET_RESULTS */;
/*!40101 SET @OLD_COLLATION_CONNECTION=@@COLLATION_CONNECTION */;
/*!40101 SET NAMES utf8 */;

--
-- Database: `xbnewqlk_delhinewsDB`
--

-- --------------------------------------------------------

--
-- Table structure for table `addons`
--

CREATE TABLE IF NOT EXISTS `addons` (
  `id` int(11) NOT NULL AUTO_INCREMENT,
  `name` text COLLATE utf8_unicode_ci NOT NULL,
  `detail` text COLLATE utf8_unicode_ci NOT NULL,
  `admincontrollername` text COLLATE utf8_unicode_ci NOT NULL,
  `clientcontrollername` text COLLATE utf8_unicode_ci NOT NULL,
  PRIMARY KEY (`id`)
) ENGINE=MyISAM  DEFAULT CHARSET=utf8 COLLATE=utf8_unicode_ci AUTO_INCREMENT=10 ;

--
-- Dumping data for table `addons`
--

INSERT INTO `addons` (`id`, `name`, `detail`, `admincontrollername`, `clientcontrollername`) VALUES
(1, 'Epaper', 'Enables user to add E-paper facility to the newspaper.', 'epaper', 'epaper'),
(2, 'Advertisement', 'Enables user to add local advertisement to the newspaper', 'advt', ''),
(3, 'Jokes', 'Enables user to add Jokes to the newspaper.', 'joke', ''),
(4, 'Editorial', 'Enables user to add Editorial content to newspaper.', 'manthan', 'editorial'),
(5, 'New automobile launches', 'Enables user to add new auto mobile launches to newspaper.', 'auto_sandesh', ''),
(6, 'Public Messages', 'Enables user to add public messages like mourning messages or greetings to someone.', 'publicmessage', ''),
(7, 'River n Rates', 'Enables user to add status of local rivers and rates of grains,metal markets etc.', 'rivernrates', ''),
(8, 'Horoscope', 'Enables user to add regular horoscope feature to newspaper.', 'rashifal', ''),
(9, 'Send Notification', 'Enables user to send notification to mobile applications.', 'notification', '');

-- --------------------------------------------------------

--
-- Table structure for table `advt`
--

CREATE TABLE IF NOT EXISTS `advt` (
  `id` int(11) NOT NULL AUTO_INCREMENT,
  `content` text COLLATE utf8_unicode_ci NOT NULL,
  `image` text COLLATE utf8_unicode_ci NOT NULL,
  `weburl` text COLLATE utf8_unicode_ci NOT NULL,
  `datetime` datetime NOT NULL,
  `advttype` int(11) NOT NULL,
  `areacode` int(11) NOT NULL,
  `isactive` tinyint(1) NOT NULL,
  PRIMARY KEY (`id`)
) ENGINE=InnoDB  DEFAULT CHARSET=utf8 COLLATE=utf8_unicode_ci AUTO_INCREMENT=9 ;

--
-- Dumping data for table `advt`
--

INSERT INTO `advt` (`id`, `content`, `image`, `weburl`, `datetime`, `advttype`, `areacode`, `isactive`) VALUES
(1, 'test', '14313419951431342434.png', '', '0000-00-00 00:00:00', 1, 0, 1),
(2, 'xb', '14318452091431845443.png', 'http://xercesblue.in', '0000-00-00 00:00:00', 3, 0, 1),
(3, 'New Audi Released in Amravati\nMr. Rajesh Jain Supposed to purchase a brand new car ', '14318550591431855410.JPG', '', '0000-00-00 00:00:00', 3, 0, 1),
(4, '', '14322221691432222612.png', '', '0000-00-00 00:00:00', 0, 0, 1),
(5, 'Ad Space', '', '', '0000-00-00 00:00:00', 0, 0, 1),
(6, '', '14322222171432222589.png', '', '0000-00-00 00:00:00', 0, 0, 1),
(7, 'Ad Space', '14322222441432222680.png', '', '0000-00-00 00:00:00', 0, 0, 1),
(8, 'Ad Space', '14322222731432222699.png', 'www.xercesblue.in', '0000-00-00 00:00:00', 0, 0, 1);

-- --------------------------------------------------------

--
-- Table structure for table `advttypes`
--

CREATE TABLE IF NOT EXISTS `advttypes` (
  `id` int(11) NOT NULL AUTO_INCREMENT,
  `typename` text COLLATE utf8_unicode_ci NOT NULL,
  `pagename` text COLLATE utf8_unicode_ci NOT NULL,
  `detail` text COLLATE utf8_unicode_ci NOT NULL,
  `eventname` text COLLATE utf8_unicode_ci NOT NULL,
  `status` int(11) NOT NULL,
  `currentadvtid` int(11) NOT NULL,
  `intervalvalue` int(11) NOT NULL,
  `intervalfield` text COLLATE utf8_unicode_ci NOT NULL,
  `clientid` int(11) NOT NULL,
  PRIMARY KEY (`id`)
) ENGINE=InnoDB  DEFAULT CHARSET=utf8 COLLATE=utf8_unicode_ci AUTO_INCREMENT=5 ;

--
-- Dumping data for table `advttypes`
--

INSERT INTO `advttypes` (`id`, `typename`, `pagename`, `detail`, `eventname`, `status`, `currentadvtid`, `intervalvalue`, `intervalfield`, `clientid`) VALUES
(1, 'Frontpage main Advertisement', 'home', 'This advertisement consists of image and text and would be placed on front page. This is main advertisement of the website. Its dimensions are 250px x 520px.', 'frontpagemainadvt', 1, 1, 10, 'SECOND', 2),
(2, 'Detailpage main Advertisement', 'detail', 'This advertisement consists of image and text and would be placed on news detail page. Its dimensions are XxY.', 'detailpagemainadvt', 1, 0, 5, 'SECOND', 2),
(3, 'Frontpage main Advertisement', 'home', 'This advertisement consists of image and text and would be placed on front page. This is main advertisement of the website. Its dimensions are 250px x 520px.', '', 1, 0, 2, 'SECOND', 1),
(4, 'Detailpage main Advertisement', 'detail', 'This advertisement consists of image and text and would be placed on news detail page. Its dimensions are XxY.', '', 1, 0, 5, 'SECOND', 1);

-- --------------------------------------------------------

--
-- Table structure for table `appconfig`
--

CREATE TABLE IF NOT EXISTS `appconfig` (
  `id` int(11) NOT NULL AUTO_INCREMENT,
  `name` text COLLATE utf8_unicode_ci NOT NULL,
  `value` text COLLATE utf8_unicode_ci NOT NULL,
  `version` int(11) NOT NULL,
  `clientid` int(11) NOT NULL,
  PRIMARY KEY (`id`)
) ENGINE=InnoDB  DEFAULT CHARSET=utf8 COLLATE=utf8_unicode_ci AUTO_INCREMENT=19 ;

--
-- Dumping data for table `appconfig`
--

INSERT INTO `appconfig` (`id`, `name`, `value`, `version`, `clientid`) VALUES
(1, 'newsimagespath', 'uploaded-images/', 1, 1),
(2, 'categoryimagespath', 'category-uploaded-images/', 1, 1),
(3, 'advtimagespath', 'advt-uploaded-images/', 1, 1),
(4, 'epaperfilespath', 'epaper-uploaded-files/', 1, 1),
(5, 'newsimagespath', 'uploaded-images/', 1, 2),
(6, 'categoryimagespath', 'category-uploaded-images/', 1, 2),
(7, 'advtimagespath', 'advt-uploaded-images/', 1, 2),
(8, 'epaperfilespath', 'epaper-uploaded-files/', 1, 2),
(12, 'featuresuploadedfiles', 'features-uploaded-files/', 1, 2),
(13, 'featuresuploadedfiles', 'features-uploaded-files/', 1, 1),
(14, 'newsimagespath', 'uploaded-images/', 1, 4),
(15, 'categoryimagespath', 'category-uploaded-images/', 1, 4),
(16, 'advtimagespath', 'advt-uploaded-images/', 1, 4),
(17, 'epaperfilespath', 'epaper-uploaded-files/', 1, 4),
(18, 'featuresuploadedfiles', 'features-uploaded-files/', 1, 4);

-- --------------------------------------------------------

--
-- Table structure for table `area`
--

CREATE TABLE IF NOT EXISTS `area` (
  `id` int(11) NOT NULL AUTO_INCREMENT,
  `areacode` int(11) DEFAULT NULL,
  `name` text COLLATE utf8_unicode_ci NOT NULL,
  `state` int(11) NOT NULL,
  PRIMARY KEY (`id`),
  UNIQUE KEY `areacode` (`areacode`)
) ENGINE=InnoDB  DEFAULT CHARSET=utf8 COLLATE=utf8_unicode_ci AUTO_INCREMENT=7 ;

--
-- Dumping data for table `area`
--

INSERT INTO `area` (`id`, `areacode`, `name`, `state`) VALUES
(1, 335001, 'Sri Ganganagar', 1),
(2, 335051, 'Raisinghnagar', 1),
(3, 335804, 'Suratgarh', 1),
(4, 335512, 'Hanumangarh', 1),
(5, 462001, 'Bhopal', 2),
(6, 452001, 'Indore', 2);

-- --------------------------------------------------------

--
-- Table structure for table `category`
--

CREATE TABLE IF NOT EXISTS `category` (
  `id` int(11) NOT NULL AUTO_INCREMENT,
  `name` text COLLATE utf8_unicode_ci NOT NULL,
  `image` text COLLATE utf8_unicode_ci NOT NULL,
  `parentid` int(11) NOT NULL,
  `clientid` int(11) NOT NULL,
  `menu` tinyint(1) NOT NULL DEFAULT '0',
  `isactive` tinyint(1) NOT NULL DEFAULT '0',
  `isroot` int(11) NOT NULL DEFAULT '0',
  `topnewsid` bigint(20) NOT NULL DEFAULT '0',
  PRIMARY KEY (`id`)
) ENGINE=InnoDB  DEFAULT CHARSET=utf8 COLLATE=utf8_unicode_ci AUTO_INCREMENT=88 ;

--
-- Dumping data for table `category`
--

INSERT INTO `category` (`id`, `name`, `image`, `parentid`, `clientid`, `menu`, `isactive`, `isroot`, `topnewsid`) VALUES
(83, 'INNOVATION', '1444722130innovation2.jpg', 0, 4, 0, 1, 0, 0),
(84, 'ECONOMY', '1444722195Economy2.jpg', 0, 4, 0, 1, 0, 0),
(85, 'STARTUPS', '1444722300startups2.jpg', 0, 4, 0, 1, 0, 0),
(86, 'INTERVIEWS', '1444722331interviews2.jpg', 0, 4, 0, 1, 0, 0),
(87, '', '1439533416Betaout.jpg', 85, 4, 0, 0, 0, 0);

-- --------------------------------------------------------

--
-- Table structure for table `ci_sessions`
--

CREATE TABLE IF NOT EXISTS `ci_sessions` (
  `session_id` varchar(40) COLLATE utf8_unicode_ci NOT NULL DEFAULT '0',
  `ip_address` varchar(45) COLLATE utf8_unicode_ci NOT NULL DEFAULT '0',
  `user_agent` varchar(120) COLLATE utf8_unicode_ci NOT NULL,
  `last_activity` int(10) unsigned NOT NULL DEFAULT '0',
  `user_data` text COLLATE utf8_unicode_ci NOT NULL,
  PRIMARY KEY (`session_id`),
  KEY `last_activity_idx` (`last_activity`)
) ENGINE=InnoDB DEFAULT CHARSET=utf8 COLLATE=utf8_unicode_ci;

--
-- Dumping data for table `ci_sessions`
--

INSERT INTO `ci_sessions` (`session_id`, `ip_address`, `user_agent`, `last_activity`, `user_data`) VALUES
('89882ba94f88f4a9ddf9fd0b0ca1ad72', '101.62.153.27', 'Mozilla/5.0 (Windows NT 6.1; WOW64) AppleWebKit/537.36 (KHTML, like Gecko) Chrome/48.0.2564.116 Safari/537.36', 1457195786, 'a:2:{s:9:"user_data";s:0:"";s:21:"flash:old:login_error";s:19:"Please Login first!";}'),
('c18805f6d8833908e1312a71c9c20b2c', '66.249.79.228', 'Mozilla/5.0 (compatible; Googlebot/2.1; +http://www.google.com/bot.html)', 1457724589, 'a:2:{s:9:"user_data";s:0:"";s:21:"flash:old:login_error";s:19:"Please Login first!";}');

-- --------------------------------------------------------

--
-- Table structure for table `client`
--

CREATE TABLE IF NOT EXISTS `client` (
  `id` int(11) NOT NULL AUTO_INCREMENT,
  `companyname` text COLLATE utf8_unicode_ci NOT NULL,
  `contactperson` text COLLATE utf8_unicode_ci NOT NULL,
  `foldername` text COLLATE utf8_unicode_ci NOT NULL,
  `rootpath` text COLLATE utf8_unicode_ci NOT NULL,
  `gcmapikey` text COLLATE utf8_unicode_ci NOT NULL,
  `address` text COLLATE utf8_unicode_ci NOT NULL,
  `contact` text COLLATE utf8_unicode_ci NOT NULL,
  `dealdate` datetime NOT NULL,
  `domainname` text COLLATE utf8_unicode_ci NOT NULL,
  `dealprice` text COLLATE utf8_unicode_ci NOT NULL,
  `maintenanceprice` text COLLATE utf8_unicode_ci NOT NULL,
  `freemaintenancetime` datetime NOT NULL,
  `deliverydate` datetime NOT NULL,
  `isactive` int(11) NOT NULL DEFAULT '0',
  `contractimage` blob NOT NULL,
  PRIMARY KEY (`id`)
) ENGINE=InnoDB  DEFAULT CHARSET=utf8 COLLATE=utf8_unicode_ci AUTO_INCREMENT=5 ;

--
-- Dumping data for table `client`
--

INSERT INTO `client` (`id`, `companyname`, `contactperson`, `foldername`, `rootpath`, `gcmapikey`, `address`, `contact`, `dealdate`, `domainname`, `dealprice`, `maintenanceprice`, `freemaintenancetime`, `deliverydate`, `isactive`, `contractimage`) VALUES
(1, 'localhostDummy', 'dummy', 'seemasandesh/', '', '', 'dummy', '22222222222', '2015-02-25 00:00:00', 'http://newstest4.tk', '80000', '2000', '0000-00-00 00:00:00', '2015-03-16 00:00:00', 1, ''),
(2, 'seemasandeshtest', '', 'newspaper1/', '', '', '', '', '0000-00-00 00:00:00', 'http://drron.tk', '80000+10000', '8000', '0000-00-00 00:00:00', '2015-04-18 00:00:00', 1, ''),
(4, 'newstest5', 'news test 5', 'newstest5/', '', '', '', '8888888888', '2015-05-21 00:00:00', 'http://www.newstest2.tk/', '000000', '000000', '2015-05-31 00:00:00', '2015-05-21 00:00:00', 1, '');

-- --------------------------------------------------------

--
-- Table structure for table `clientaddonsmapping`
--

CREATE TABLE IF NOT EXISTS `clientaddonsmapping` (
  `id` int(11) NOT NULL AUTO_INCREMENT,
  `clientid` int(11) NOT NULL,
  `addonid` int(11) NOT NULL,
  `addonname` text COLLATE utf8_unicode_ci NOT NULL,
  `datestarted` date NOT NULL,
  `lastupdated` date NOT NULL,
  `isactive` int(11) NOT NULL,
  PRIMARY KEY (`id`)
) ENGINE=MyISAM  DEFAULT CHARSET=utf8 COLLATE=utf8_unicode_ci AUTO_INCREMENT=23 ;

--
-- Dumping data for table `clientaddonsmapping`
--

INSERT INTO `clientaddonsmapping` (`id`, `clientid`, `addonid`, `addonname`, `datestarted`, `lastupdated`, `isactive`) VALUES
(1, 2, 1, 'ई-पेपर', '2015-05-10', '2015-05-10', 1),
(2, 2, 2, 'Advertisement', '2015-05-10', '2015-05-10', 1),
(3, 2, 4, 'मंथन', '2015-05-10', '2015-05-10', 1),
(4, 2, 3, 'चुटकुले', '2015-05-10', '2015-05-10', 1),
(5, 2, 5, 'वाहन सन्देश', '2015-05-10', '2015-05-10', 1),
(6, 2, 6, 'Public Messages', '2015-05-10', '2015-05-10', 1),
(7, 2, 7, 'River n Rates', '2015-05-10', '2015-05-10', 1),
(8, 2, 8, 'राशि-फल', '2015-05-10', '2015-05-10', 1),
(9, 2, 9, 'Notification', '2015-05-10', '2015-05-10', 1),
(11, 1, 9, 'Notification', '2015-05-10', '2015-05-10', 1),
(12, 1, 2, 'Advertisement', '2015-05-17', '2015-05-17', 1),
(13, 1, 3, 'Jokes', '2015-05-17', '2015-05-17', 1),
(14, 1, 4, 'Editorial', '2015-05-17', '2015-05-17', 1),
(15, 1, 8, 'Horoscope', '2015-05-17', '2015-05-17', 1),
(16, 1, 6, 'Public Messages', '2015-05-17', '2015-05-17', 1),
(17, 4, 9, 'Notification', '2015-05-21', '2015-05-21', 1),
(18, 4, 1, 'E-Paper', '2015-05-21', '2015-05-21', 1),
(19, 4, 2, 'Advertisement', '2015-05-21', '2015-05-21', 1),
(20, 4, 4, 'Editorial', '2015-05-21', '2015-05-21', 1),
(21, 4, 8, 'Horoscope', '2015-05-21', '2015-05-21', 1),
(22, 4, 3, 'Jokes', '2015-05-21', '2015-05-14', 1);

-- --------------------------------------------------------

--
-- Table structure for table `clientareamapping`
--

CREATE TABLE IF NOT EXISTS `clientareamapping` (
  `id` int(11) NOT NULL AUTO_INCREMENT,
  `clientid` int(11) NOT NULL,
  `areacodeid` int(11) NOT NULL,
  PRIMARY KEY (`id`)
) ENGINE=InnoDB  DEFAULT CHARSET=utf8 COLLATE=utf8_unicode_ci AUTO_INCREMENT=7 ;

--
-- Dumping data for table `clientareamapping`
--

INSERT INTO `clientareamapping` (`id`, `clientid`, `areacodeid`) VALUES
(1, 1, 1),
(2, 1, 4),
(3, 2, 1),
(4, 1, 3),
(5, 1, 5),
(6, 1, 6);

-- --------------------------------------------------------

--
-- Table structure for table `client_settings`
--

CREATE TABLE IF NOT EXISTS `client_settings` (
  `id` int(11) NOT NULL AUTO_INCREMENT,
  `client_id` int(11) NOT NULL,
  `category_version` int(11) NOT NULL DEFAULT '0',
  PRIMARY KEY (`id`)
) ENGINE=MyISAM  DEFAULT CHARSET=utf8 COLLATE=utf8_unicode_ci AUTO_INCREMENT=4 ;

--
-- Dumping data for table `client_settings`
--

INSERT INTO `client_settings` (`id`, `client_id`, `category_version`) VALUES
(1, 1, 89),
(2, 2, 28);

-- --------------------------------------------------------

--
-- Table structure for table `editorial`
--

CREATE TABLE IF NOT EXISTS `editorial` (
  `id` int(11) NOT NULL AUTO_INCREMENT,
  `date` date NOT NULL,
  `heading` text COLLATE utf8_unicode_ci NOT NULL,
  `content` text COLLATE utf8_unicode_ci NOT NULL,
  `clientid` int(11) NOT NULL,
  PRIMARY KEY (`id`)
) ENGINE=MyISAM  DEFAULT CHARSET=utf8 COLLATE=utf8_unicode_ci AUTO_INCREMENT=10 ;

--
-- Dumping data for table `editorial`
--

INSERT INTO `editorial` (`id`, `date`, `heading`, `content`, `clientid`) VALUES
(1, '2015-04-18', 'फिर करीब आए सचिन और कांबली? मास्टर ब्लास्टर ने पोस्ट की बचपन की PHOTO', 'मुंबई. मास्टर ब्लास्टर सचिन तेंडुलकर और उनके बचपन के दोस्त विनोद कांबली के रिश्तों में हाल के सालों में आई कड़वाहट किसी से छिपी नहीं है। इस बीच, सचिन द्वारा इंस्टाग्राफ पर शेयर की गई दोनों की बचपन की एक तस्वीर से इस बात के कयास लगने शुरू हो गए हैं कि उनके बीच सब कुछ नॉर्मल हो चला है?\nसचिन ने यह फोटो गुरुवार शाम पोस्ट की। सचिन ने फोटो के साथ कैप्शन लिखा ''डाउन टू मेमोरी लेन।'' इंस्टाग्राम पर फोटो पोस्ट करते ही इसे हजारों लाइक्स मिले। फोटो में सचिन और कांबली साथ खड़े हुए हैं। बता दें कि सचिन ने लंबे समय बाद अपने बालसखा कांबली का सार्वजनिक तौर पर जिक्र किया है। वह उनके बारे में मीडिया से भी बात करने से बचते रहे हैं।\nकांबली ने लगाया था साथ न देने का आरोप\n2000 में विनोद कांबली ने सचिन पर संघर्ष के दिनों में साथ नहीं देने का आरोप लगाया। उन्होंने कहा, "सचिन तेंडुलकर हमेशा सेफ गेम खेलते हैं। जैसे ही उनका कोई दोस्त संघर्ष करने लगता है तो वे उससे किनारा कर लेते हैं।" विनोद कांबली ने आरोप लगाया था कि तेंडुलकर ने नवंबर 2013 में अपने विदाई भाषण में जानबूझकर उनका उल्लेख नहीं किया।\nसचिन ने यह कहा कांबली के बारे में\nहाल ही में एक इंटरव्यू के दौरान विनोद कांबली के बारे में पूछे गए एक सवाल पर सचिन ने कहा था, "मैं टैलेंट के बारे में बात नहीं कर सकता, क्योंकि मैं कोई जज नहीं हूं। हां, लेकिन जब आप लाइफस्टाइल के बारे में बात करेंगे तो विनोद और मेरे बीच काफी अंतर है। हमारे स्वभाव अलग हैं। कोई भी अपनी स्थिति के लिए खुद जिम्मेदार होता है। चाहे मैदान हो या पर्सनल लाइफ, मेरे परिवार ने हमेशा मेरा साथ दिया। इसलिए मैं यहां तक पहुंच सका।"\nखास है कांबली-सचिन की दोस्ती\nसचिन और विनोद कांबली ने स्कूली दिनों में 24 फरवरी, 1988 को हैरिस शील्ड इंटर स्कूल क्रिकेट टूर्नामेंट में सेंट जेवियर्स (फोर्ट) के खिलाफ शारदाश्रम विद्यामंदिर की ओर से खेलते हुए 664 रनों की वर्ल्ड रिकॉर्ड साझेदारी की थी। दोनों ने टीम इंडिया के लिए भी कई साल साथ में क्रिकेट खेली है। 1993 में इंग्लैंड और जिम्बाब्वे के खिलाफ एक के बाद एक दो डबल सेन्चुरी लगाकर विनोद कांबली ने सभी को चौंका दिया था। कांबली ने 1991 से 2000 के बीच 17 टेस्ट और 104 वन-डे में भारत का प्रतिनिधित्व किया।', 2),
(2, '2015-04-18', 'सीमा सन्देश', 'जो सदा सार्थक मुद्दों को उठाए, लोक जीवन में विश्वास जगाए, न्याय का है सच्चा प्रहरी, लोकतंत्र में आस्था गहरी, यही हमारा आधार, यही हमारा विस्तार, इसी को कहें सीमा सन्देश अखबार', 2),
(3, '2015-04-21', 'अपने सामान्य धरातल पर लौटी भारतीय राजनीति?', 'विधानसभा सीटों के छिटपुट उपचुनाव नतीजों को राजनीति के अध्येता बहुत महत्व नहीं देते। मगर 16 मई को भारतीय राजनीति में जो सुनामी आई, उसके बाद से देश में जनता के मूड की झलक देने वाला हर संकेत गंभीर चर्चा का विषय रहा है। नज़र यह देखने पर रही है कि 2014 में नरेंद्र मोदी की जो आंधी चली, क्या वह अब भी राजनीति का प्रमुख निर्णायक तत्व है, हालांकि दिल्ली विधानसभा चुनाव में भाजपा की हार के बाद सियासी चर्चाओं का संदर्भ कुछ बदला, लेकिन मोदी लहर के टिकाऊपन को लेकर विश्लेषकों में अभी भी विचार मंथन जारी है। इसीलिए चार राज्यों की छह विधानसभा सीटों के उपचुनाव के नतीजों का बेसब्री से इंतजार किया जा रहा था। लेकिन बुधवार को आए परिणाम किसी किसी ठोस निष्कर्ष तक पहुंचने में सहायक नहीं बने। चारों राज्यों में वहां के सत्ताधारी दलों का दबदबा देखने को मिला। महाराष्ट्र में पूर्व उप मुख्यमंत्री आरआर पाटिल की असमय मृत्यु से उत्पन्न सहानुभूति का लाभ तासगांव में उनकी पत्नी एनसीपी की सुमन पाटिल को जरूर मिला, परंतु राज्य में निगाहें बांद्रा ईस्ट सीट पर थीं, जहां कांग्रेस ने अपने दिग्गज नारायण राणे को मैदान में उतारा था। मगर शिवसेना के गढ़ में वे बेअसर साबित हुए।\nयह भी रेखांकित करने योग्य है कि यहां मजलिस-ए-एतेहादुल मुसलमीन की मुस्लिम मतदाताओं को गोलबंद करने की कोशिश नाकाम रही। उत्तर प्रदेश, उत्तराखंड और पंजाब में सत्ताधारी दलों के पांव के नीचे की जमीन लोकसभा चुनाव में खिसक गई थी। मगर उप्र में उसके बाद के तमाम उपचुनावों में समाजवादी पार्टी ने जोरदार प्रदर्शन किया है। चरखानी सीट जीत कर उसने ये सिलसिला जारी रखा।\n\nपंजाब में धूरी सीट अकाली दल ने कांग्रेस से छीन ली। ये दोनों जीतें अहम हैं, लेकिन यह ध्यान में रखना चाहिए कि उप्र में बसपा और पंजाब में आम आदमी पार्टी ने उपचुनावों में हिस्सा नहीं लिया। उनके उम्मीदवार वहां समीकरण बदल सकते थे। हर जगह पिट रही कांग्रेस के लिए एकमात्र अच्छी खबर उत्तराखंड से आई। वहां लगातार चौथे उपचुनाव में जीत दर्ज कर उसने विधानसभा में स्पष्ट बहुमत पा लिया है। बहरहाल, इन तमाम नतीजों का संकेत यही है कि फिलहाल देश की राजनीति विशेष परिस्थिति से निकल कर सामान्य धरातल पर आ गई है।', 2),
(4, '2015-04-21', 'नेट न्यूट्रिलिटी पर दो-टूक घोषणा की जरूरत', 'दूरसंचार मंत्री रविशंकर प्रसाद का यह बयान भरोसा बंधाने वाला था कि इंटरनेट इंसान के दिमाग की बेहतरीन खोज है और एनडीए सरकार चाहती है कि इसका उपयोग आम लोगों के हित में हो। अब चूंकि भारत में भी नेट न्यूट्रिलिटी का मुद्दा प्रमुखता से उभर गया है, अतः अब केंद्र सरकार से अपेक्षा है कि वह इस मामले में दो-टूक रुख अपनाए। भारतीय दूरसंचार विनियामक प्राधिकरण (ट्राई) ने इस विषय को बहस के लिए खोल कर आशंकाएं पैदा कर दी हैं। उसने इस विषय पर लोगों से राय मांगी है कि क्या अलग-अलग एप्लीकेशन्स और वेबसाइटों के इस्तेमाल के लिए अलग शुल्क वसूलने की आजादी इंटरनेट सेवादाता कंपनियों को होनी चाहिए?\nसाथ ही क्या इंटरनेट सेवा प्रदाता किसी कंपनी से अधिक शुल्क लेकर उसकी वेबसाइट या संचार आदि को अलग-अलग स्पीड दे सकते हैं? इस पर जवाब भेजने की तारीख 24 अप्रैल तक है। इसी बीच दूरसंचार कंपनी भारती एयरटेल ने ‘एयरटेल जीरो’ प्लान लाने की घोषणा कर दी है। इसके तहत उसने कई एप्लीकेशन्स के उपयोग को मुफ्त करने की पेशकश की है। जाहिर है, इससे उन एप्स के प्रतिस्पर्धी एप्स के लिए असमान धरातल पैदा हो जाएगा। कुछ समय पहले रिलायंस कम्युनिकेशन्स ने अपने ग्राहकों को फेसबुक, व्हाट्सएप और विकीपीडिया जैसी सेवाएं मुफ्त देने के लिए संबंधित कंपनियों से करार किया। लाज़िमी तौर पर इन सबको नेट न्यूट्रिलिटी के सिद्धांत का उल्लंघन माना गया है।\nयह मुद्दा पिछले साल अमेरिका में उठा था। वहां राष्ट्रपति बराक ओबामा ने बेलाग एलान किया कि आज के दौर में इंटरनेट बिजली और पानी सप्लाई जैसी सेवा है और इसमें भेदभाव की इजाजत नहीं दी जा सकती। बाद में वहां के संघीय दूरसंचार आयोग ने इंटरनेट पर किसी तरह के भेदभाव को अस्वीकार्य बता दिया। यह एक ऐसा मॉडल है जिस पर भारत सरकार कदम उठा सकती है। वैसे भी ट्राई के परामर्श-पत्र पर हजारों लोगों ने नेट न्यूट्रिलिटी के समर्थन में अपनी राय भेजी है। सोशल मीडिया पर नेट न्यूट्रिलिटी का समर्थन अभियान का रूप ले चुका है। आशा है कि ट्राई और सरकार इस जन भावना पर ध्यान देंगे। इंटरनेट सेवाओं को समान रूप से सबके लिए सुलभ बनाए रखना ऐसा उद्देश्य है, जिस पर कोई समझौता स्वीकार्य नहीं हो सकता।', 2),
(5, '2015-04-25', 'आधिक्य का असंतोष', 'एक अन्तरराष्ट्रीय अध्ययन बताता है कि भारत विश्व के 158 देशों में खुशहाली के मुकाबले में 117वें स्थान पर है। इसके अनुसार बंग्लादेश और पाकिस्तान सहित दुनिया के अधिकांश देश भारतीयों से ज्यादा खुश रहते हैं। यह अध्ययन जिन कारकों पर आधारित है उनमें प्रति व्यक्ति सकल राष्ट्रीय उत्पाद, जीवन की सम्भाव्यता, सामाजिक सहयोग और चयन की आजादी के आंकडें़ हैं। यूं तो ऐसे अध्ययनों को बहुत गम्भीरता से लेने की जरूरत नहीं है क्योंकि जो विदेशी लोग खुशी, प्रेम, संतोष, देशभक्ति, परिवार और मानवीय सम्बन्धों के बारे में ऐसे अध्ययन करते हैं, उन्हें इन शब्दों के भारतीय सन्दर्भों में भावों का जरा-भी आभास नहीं होता। सर्वेक्षणों में आमतौर पर आप किसी महिला से उसके पति या बच्चों या पिता या सास के बारे में कोई सवाल करेंगे तो वह उस दिन, बल्कि उस समय के सन्दर्भ में प्रतिक्रिया देगी। उस समय यदि वह पति से किसी बात पर नाराज है तो पति पर की गई टिप्पणी को उसकी स्थायी राय नहीं मान सकते। इसी तरह किसी किसान से जब आंकड़ों की बात की जायेगी तो वह आज की बरबाद फसल/दु:खी मन:स्थिति के बारे में बात करेगा। वह भूल जायेगा कि तीन-चार साल पहले उसने ग्वार के ऊंचे दामों के चलते अपने सारे कर्जे चुका दिये थे। इसलिए संतोष या असंतोष या खुशी या तृप्ति बहुत अधिक अस्थिर भाव होते हैं। इन्हें आप बेजान आंकड़ों में रूपांतरित नहीं कर सकते।\nखासकर भारतीय! पल में माशा-पल में रत्ती। पेट्रोल के दाम ढ़ाई रुपये, डीजल के तीन रुपये घटा दो- सब्जी, चीनी और दाल के दस रुपया महंगा होने को भूल जाएंगे। टै्रफिक नियमों की उल्लंघना करते हुए बेटे का या अपना एक्सीडेंट हो जाएगा तो...श् शेष पृष्ठ 3 पर\n ऐसे दु:खी हो जायेंगे कि सात पीढिय़ों में कोई खुशी आई ही नहीं। तीन दिन बाद अप्रत्याशित बोनस मिल जाए तो पाएंगे कि उन जैसा धन्य व्यक्ति धरती पर कोई नहीं है। ऐसी स्थितियों में आप लोगों की राय लेकर राष्ट्रीय स्तर की धारणा नहीं बना सकते। फिर भी यह बात तय है कि आम भारतीय के संतोष, उल्लास, उमंग, धैर्य, आकांक्षाओं, आशावादिता, परस्पर सहयोग, करुणा भाव आदि-आदि के स्तर तथा तीव्रता (गहराई) में बहुत फर्क आया है। एक सामान्य हिन्दी फिल्म का बेहद चालू गीत है लेकिन उसकी एक पंक्ति मार्मिक है - ''हम उन दिनों अमीर थे, जब तुम करीब थेÓ। अर्थात सामान्य भारतीय अभी तीस-चालीस साल पहले तक बड़े-से परिवार में अपनों के बीच संघर्ष करता हुआ बासी रोटी खाता हुआ, बड़े भाई के उतरे कपड़े पहनता हुआ और टूटी चप्पल के साथ बेफिक्री से दफ्तर और स्कूल आता-जाता ज्यादा प्रसन्न था।\nआज जिसके पास मोटरसाइकल है वो इसलिए दु:खी है कि महंगा मोटरसाइकल क्यों नहीं। जिसके पास महंगा दुपहिया वाहन है वह परेशान है कि कार क्यों नहीं है, जिसके पास कार है वो कहता है नये मॉडल वाली महंगी कार नहीं तो जीवन बेकार है। स्थितियां इतनी बिगड़ चुकी हैं कि आप अपने ही सन्दर्भों में घर में फ्रिज आने का इसलिए जश्न नहीं मना सकते कि आस-पड़ोस या किसी दोस्त के यहां बड़ा और महंगा फ्रिज मौजूद है। दूसरी तरफ वे लोग भी हैं जो फ्रिज न होने के बावजूद खुश हैं क्योंकि मटके का ठण्डा पानी उन्हें ज्यादा आनन्द देता है। वे प्रेम से उस मटके को हर रोज धोते हैं- खुद बाल्टी से उसे भरते हैं। दूसरी तरफ जिनके यहां फ्रिज आ गया उनके घर का कोई सदस्य उसमें पानी भरकर बोतले रखने तक को तैयार नहीं है। यह खुशी का विचार ही अजीब है। एक व्यक्ति तमाम सुविधाओं, विलासिताओं के बीच तनाव में है, अवसाद में है कि उसे कोई नहीं पूछता। इतना कमाकर भी उसने मन की खुशी या संतोष नहीं पाया। दूसरी तरफ बेहद साधारण किस्म का व्यक्ति है, जिसने परिवार को अच्छे विचार और संस्कार दिये और सेवानिवृत्ति के बाद वह किसी हस्पताल में भर्ती मरीजों के बीच तुलसी के पत्ते बांटकर, उनकी खैर-कुशल पूछकर या पानी-दवा देकर खुद भी खुश है तथा पूरे हस्पताल में खुशियां बिखेर रहा है। \nसच यह है कि हमें अब अपनी मृग मारीचिका के लिए दौड़ को समाप्त करना चाहिए। पिछले तीस-पैंतीस सालों में हम समझ गये हैं कि आर्थिक सम्पन्नता/ विलासिता में न खुशी है न संतोष। ये दोनों बाहर कहीं नहीं हैं। ये आपके और हमारे भीतर हैं। प्रसिद्ध शायर निदा फाज़ली कहते हैं- ''आपके साथ वो नहीं जायेगा जो आप लेते हैं, वो जायेगा जो देते हैं।Ó आप एकत्र करने से धनवान या सम्पन्न नहीं होते। जब देना सीख जाएंगे तो पाएंगे कि उससे बड़ा संतोष, उससे बड़ी खुशी आपने कभी महसूस नहीं की। यदि भारतीय नागरिक किसी सर्वेक्षण में असंतुष्ट या दु:खी नज़र आते हैं तो इसका असल कारण भौतिक या पदार्थिक नहीं है। यह हम सबके अन्दर जाने कब और क्यों उग आया लालसाओं का कैक्टस है जो न कभी फल देता है न छाया और न ही उस पर फूल आते हैं। अन्तरराष्ट्रीय समुदाय हमें अतृप्त, दु:खी, असंतुष्ट समझे- कोई फर्क नहीं पड़ता। असल में हम अपने-अपने स्तर पर भीतर से कितने परिपूर्ण, सार्थक, उपयोगी और सृजनात्मक होने के साथ-साथ विलक्षण हैं- यही मायने रखता है।  हम हर रोज देखते हैं कि कोई भी मानव अथवा प्राणी जब ठूंस-ठूंसकर खाते हुए अपना स्वरूप बिगाड़ लेता है तो कितना बुरा लगता है। वे लोग पसंद आते हैं जो छरहरे, बिना चर्बी/मोटापे के, चुस्त-दुरूस्त दिखाई देते हैं। यही बात सुविधाओं और संसाधनों धन आदि को समेटने वालों पर लागू होती है। यह हम पर निर्भर करता है कि हम कुरूप दिखाई दें या सुदर्शनीय।  \n', 2),
(8, '2015-05-03', 'इस कलंक को तो पंजाबियों ने खुद चुना है ', 'पंजाब के मोगा में एक निजी बस के भीतर मां और बेटी के साथ आपत्तिजनक बरताव और फिर विरोध करने पर उन दोनों को बस से बाहर फेंकने की घटना ने संवेदनशील लोगों को निश्चय ही झकझोरा है। घटना के बाद बेटी की मौत हो गई। चूंकि इस बस समेत राज्य की अधिकांश निजी बसें बाप-बेटे मुख्यमंत्री प्रकाश सिंह और उपमुख्यमंत्री सुखबीर सिंह बादल के परिवार की हैं इसलिए दोषियों के विरुद्ध किसी कार्यवाही की उम्मीद नहीं। सत्तारूढ़ अकाली दल यूं भी पूरे पंजाब में हर तरह से बुरी तरह बदनाम है। इस घटना ने तो इनकी बची-खुची साख का भी भ_ा बैठा दिया है। चारों तरफ बादल परिवार और उनके समर्थकों, राज्य की पुलिस आदि पर थू-थू हो रही है। उनका एक मंत्री इस घटना को भगवान की मर्जी बताता है। पुलिस ने कहा कि पीडि़ता झूठ बोल रही है। सुप्रीम कोर्ट के आदेश हैं कि आप ऐसे दुष्कर्म की पीडि़ताओं के नाम उजागर नहीं करेंगे, लेकिन पंजाब पुलिस उसे उजागर कर रही है। साफ अर्थ यह है कि बादल परिवार, बादल सरकार और इस सरकार के अफसरों/पुलिस को न कानून और न नैतिकता की परवाह है और न ही किसी तरह की लोकलाज है। \nलोकतन्त्र का एकमात्र सूत्र यही है कि इस शासन प्रणाली में जनता को वही मिलता है जिसके लायक वह होती है। अकाली दल या प्रकाश सिंह बादल की सरकारों के दौरान कानून व्यवस्था कैसी रहती है, भ्रष्टाचार का क्या आलम होता है। पुलिस से लेकर न्यायालयों में कैसी अराजकता छाई रहती है- यह किसी से छिपा नहीं है। कांग्रेस पार्टी ने तो चलो अपनी काली करतूतों के चलते साख इस कदर गिरा दी कि लोग मजबूर होकर अकाली दल जैसी पार्टी को भी कांग्रेस से बेहतर समझने लगे। सवाल तो भाजपा से पूछा जाना चाहिए कि वे क्या सोचकर सालों से अकाली दल के साथ जुड़े हुए हैं। अकाली सरकारों के दौरान न केवल पंजाब का भ_ा बैठा, बल्कि खुद भाजपा का भी इन्होंने सत्यानाश करके रख दिया। आज पूरा पंजाब यदि हर क्षेत्र में बरबाद और बदनाम है तो भाजपा का दोष भी अकालियों से कम नहीं। \nअब बात करें पंजाब के लोगों की तो सवाल उठता है कि क्या आप अकाली दल के काले कारनामों और उसके कुशासन को हमेशा के लिए इसलिए भुलाते या माफ करते रहेंगे कि कांग्रेस से कभी कोई गलती हुई थी। अकाली दल की सरकारों ने खासकर बादल कुनबे ने पंजाब को कहां से कहां ला दिया। कभी पंजाब पुलिस देश में मुम्बई पुलिस के बाद श्रेष्ठतम पुलिस बल होता था। राजस्थान आदि पड़ोसी प्रदेशों के लोग पंजाब की सड़कों, पंजाब रोडवेज की बसों, पंजाब में सख्त कानून व्यवस्था और शासन-प्रशासन की चुस्ती के कायल थे। इसके बाद जब से अकाली दल की बादल सरकारें बनीं- इन्होंने पूरे पंजाब का बेड़ा गर्क कर दिया। चलो एक बार कांग्रेस को पराजित करने की बात समझ में आती है कि उसे सबक सीखाने के लिए ऐसा करना जरूरी है, लेकिन बादल के नेतृत्त्व में एक के बाद दूसरी अकाली दल सरकारें हर पंजाबी को जलील करें, उनकी पंजाबियत तक का भ_ा बैठा दें तो भी आम जनता का इस सरकार या पार्टी के प्रति प्रेम समझ से परे है। \nपिछले विधानसभा चुनाव में आम आदमी से लेकर राजनीतिक पण्डित तक इस धारणा के थे कि अकाली दल चुनाव हारेगा। पूरे प्रदेश में माहौल यही था। इसके बावजूद आकली दल और बादल परिवार का चुनावों में जीत जाना एक तरह से भ्रष्टाचार और कुशासन में लिप्त अकाली दल के नेताओं, मंत्रियों व उनके अफसरों को जनता की तरफ से अभयदान था। \nइसका अर्थ यह हुआ कि प्रदेश की जनता अकाली सरकार की तमाम काली करतूतों, उनके भ्रष्टाचार को मान्यता देती है, उसे पसंद करती है। पिछले दिनों चौंकाने वाला तथ्य सामने आया है कि बादल परिवार की निजी बसों (जो प्रदेश में निजी बसों के सबसे बड़े बेड़े के मालिक हैं) में खुलकर शराब चलती है। उनमें अश्लील तस्वीरें लगाई गई हैं और बसों में अश्लील गाने बजते हैं। अब इस सब पर रोक कौन लगाए? बसें भी बादल सरकार की (अर्थात दोषी भी बादल परिवार) और इस बारे में जिसे शिकायत करो वह सरकार भी बादल की। ऐसे में प्रदेश की जनता को राहत कैसे मिले? \nसच यह भी है कि पंजाब आज बुरी तरह से कर्ज में डूबा हुआ है। बादल सरकार के लोग खुलकर पंजाब को लूट रहे हैं। इस लूट की उन्हें खुली छूट है। अकाली दल की वजह से भाजपा को जो नुकसान हुआ और हो रहा है उसके बारे में एक बार यह सोचा गया कि शायद भाजपा के नेता इस पार्टी से किनारा कर लेंगे, लेकिन लगता है कि कुछ भाजपाइयों को भी अकाली दल वालों ने दाना-चुग्गा डाल रखा है। अन्यथा कोई कारण नहीं है कि महाराष्ट्र में बेहद विवादास्पद शिवसेना और पंजाब में बदनामी की खान बनी बादल परिवार की अकाली पार्टी के साथ भाजपा चलना जारी रखे। असल में दोनों प्रदेशों में भाजपा इन्हीं दोनों दलों की वजह से बदनाम, विफल और कमजोर हुई है। मोगा में बस के भीतर दुष्कर्म का यह मामला अपवाद या एकमात्र अपराध या अनैतिक कृत्य नहीं है। पंजाब के हर जिले, हर गांव, हर मोहल्ले, चप्पे-चप्पे में पिछले कई सालों से अपराधी तत्त्व बेखौफ होकर अवैध और अनैतिक कृत्य करते हैं। वहां कानून व्यवस्था नाम की कोई चीज नहीं है। इसके लिए खुद पंजाब के लोग दोषी हैं। उन्हें ही तय करना है कि सिंह या गबरू या पंजाब/पंजाबियों के बारे में पूरी दुनिया की जुबान पर चढ़े अनेकानेक विलक्षण विशेषणों का अब लोग क्या करें ? ', 2),
(7, '2015-04-30', 'सचिन तेंदुलकर', 'सचिन रमेश तेंदुलकर  क्रिकेट के इतिहास में विश्व के सर्वश्रेष्ठ बल्लेबाजों में गिने जाते हैं। भारत के सर्वोच्च नागरिक सम्मान भारत रत्न से सम्मानित होने वाले वह सर्वप्रथम खिलाड़ी और सबसे कम उम्र के व्यक्ति हैं।राजीव गांधी खेल रत्न पुरस्कार से सम्मानित एकमात्र क्रिकेट खिलाड़ी हैं। सन् 2008 में वे पद्म विभूषण से भी पुरस्कृत किये जा चुके है।\n\nसन् 1989 में अन्तर्राष्ट्रीय क्रिकेट में पदार्पण के पश्चात् वह बल्लेबाजी में कई कीर्तिमान स्थापित किए हैं। उन्होंने टेस्ट व एक दिवसीय क्रिकेट, दोनों में सर्वाधिक शतक अर्जित किये हैं। वे टेस्ट क्रिकेट में सबसे ज़्यादा रन बनाने वाले बल्लेबाज़ हैं। इसके साथ ही टेस्ट क्रिकेट में 14000 से अधिक रन बनाने वाले वह विश्व के एकमात्र खिलाड़ी हैं। एकदिवसीय मैचों में भी उन्हें कुल सर्वाधिक रन बनाने का कीर्तिमान प्राप्त है। उन्होंने अपना पहला प्रथम श्रेणी क्रिकेट मैच मुम्बई के लिये 14 वर्ष की उम्र में खेला था। उनके अन्तर्राष्ट्रीय खेल जीवन की शुरुआत 1989 में पाकिस्तान के खिलाफ कराची से हुई।\n\nसचिन क्रिकेट जगत के सर्वाधिक प्रायोजित खिलाड़ी हैं और विश्व भर में उनके अनेक प्रशंसक हैं। उनके प्रशंसक उन्हें प्यार से भिन्न-भिन्न नामों से पुकारते हैं जिनमें सबसे प्रचलित लिटिल मास्टर व मास्टर ब्लास्टर है। क्रिकेट के अलावा वह अपने ही नाम के एक सफल रेस्टोरेंट के मालिक भी हैं।', 1);
INSERT INTO `editorial` (`id`, `date`, `heading`, `content`, `clientid`) VALUES
(9, '2015-05-10', 'लुटेरे सौदागर कैसे बने', 'दुष्यंत की मशहूर पंक्तियां हैं- ''सौदागर तो मेले में लुट गये यारो, लुटेरे सौदागर बने बैठे हैं।Ó आज यह कहावत पहले से कहीं ज्यादा गहरे और व्यापक रूप में देखी जा सकती है। भारतीय जनता पार्टी को आज भी लोग बनियों की अर्थात व्यापारियों की पार्टी मानते हैं। जब यह पार्टी विपक्ष में थी तो यह खुदरा व्यापार में सीधे पूंजी निवेश के विरोध में थी। यदि नेता इस मामले में ज्यादा मुखर नहीं थे तो आम कार्यकर्ता जरूर सोचता था कि भाजपा शासन में आयेगी तो खुदरा व मझौले व्यापारियों का खासतौर से वह ख्याल रखेगी। आज हम देख रहे हैं कि न केवल भारती व रिलायंस जैसी कम्पनियां अन्य बहुराष्ट्रीय कम्पनियों के साथ मिलकर खुदरा कारोबार पर डाके डाल रही हैं, बल्कि स्नैपडील, अमेजन और न जाने कैसे-कैसे वैश्विक खिलाड़ी सामान्य भारतीय कारोबारियों को तबाह करने पर तुले हैं। टीवी चैनल बड़े लोगों के हैं, कारोबार करने वाली ये कम्पनियां बड़े लोगों की हैं। खुदरा व्यापार करने वाली एक-एक बड़ी कम्पनी के पास करोड़ों उत्पाद है। \nइनके लिए मुनाफा या मार्जिन ज्यादा मायने नहीं रखता। प्रथम तो इनके उत्पादन मशीन से बनते हैं और ये उस वर्ग विशेष के लिए हैं जो जरूरत के हिसाब से नहीं सनक के हिसाब से खरीददारी करते हैं। देश का सामान्य नागरिक इन्हें टे्रण्ड सैटर अर्थात नवीनतम रूझान का अगुआ मानता है। जो पौशाकें, जूते, हिन्दुस्तानी ने कभी सपने में भी नहीं सोची थी- उन्हें यह कम्पनियां टी.वी. प्रचार के जरिये आपकी पहली जरूरत साबित करने पर तुली हैं। इन दिनों भारतीय टी.वी. चैनलों पर मोबाइल, दारू के ब्राण्ड, चेहरे पर लगाने वाली उल्टी-सीधी क्रीम और बनावटी खुशबू के विज्ञापन छाये हुए हैं। हैरानी है कि जिस देश के 100 करोड़ लोग पेयजल, बिजली, शिक्षा, चिकित्सा व स्वास्थ्य, अपना मकान और कपड़ा जैसी मूलभूत जरूरतें नहीं जुटा पाता, जिसे अब तक सरकार और समाज ने गरिमापूर्ण जीवन तक नहीं दिया- उस देश में कुछ लोग जूते पर, मोबाइल पर, पैंट और शर्ट पर, रंगीन चश्मे पर हजारों रुपये खर्च कर देते हैं। आलू के चिप्स, मैगी, कोला जैसे शीतल पेय, टमाटर की चटनी या च्विंगम या फास्ट फूड जैसे गैर-जरूरी आइटमों के विज्ञापनों पर हर रोज करोड़ों रुपये खर्च किये जा रहा है। \nपानी के फिल्टर का यूं प्रचार किया जाता है कि यदि आपने नसाका नामक कम्पनी का फिल्टर इस्तेमाल नहीं किया तो आप बीमार जरूर होंगे। क्या इस देश में विज्ञापन की ऐसी भाषा नैतिक तो छोडि़ए- वैधानिक भी मानी जा सकती है ? यहां तो मकसद ही आम भारतीय व्यापारी को खत्म करना है। साडिय़ों से लेकर मर्दानगी जगाने की दवाइयों तक का प्रचार ऐसा देखने को मिलेगा कि कई लोग बिना जरूरत इन्हें खरीदने को दौड़ेंगे।  कई चैनल तो अधिकांश समय केवल दुकानदारी ही कर रहे हैं। कल तक इसी देश का सभ्य समाज कथित यौनशक्ति वद्र्धक उत्पादों को भ्रामक बताकर इन्हें अवांछनीय घोषित करता था। ऐसा प्रचार करने वालों को हेय दृष्टि से देखा जाता था। आज स्थिति यह हो गई है कि देश के हर घर में आपको ऐसे बेहूदा और शर्मसार करने वाले विज्ञापन देखने को मजबूर होना पड़ता है। कुछ वर्ष पहले तक तो बाजारों में बैठे वाजिब दुकानदारों को गली-मोहल्लों में कुकरमुत्तों की तरह से उग आए ठग दुकानदारों से स्पर्धा करनी पड़ती थी। अब आलम यह हो गया है कि बड़े-बड़े शोरूम में हजारों करोड़ रुपये के मालिक अम्बानी और भारती सब्जियां और बिस्किट बेचते नजर आ रहे हैं।\nये लोग मोबाइल सेवा प्रदाता, पेट्रो पदार्थ बेचने वाले और बड़े-बड़े उद्योगपति हैं। ये यदि खुदरा कारोबार में पांच-दस साल घाटा खाकर भी ग्राहकों को अपनी तरफ खिंचने में कामयाब रहते हैं तो लाखों छोटे दुकानदारों को खत्म करके वे इस अवधि के बाद तो जनता की खाल उतारने वाले एकाधिकारवादी बन ही जाएंगे। व्यापारियों को कोसने से पहले हम सभी को अपने-अपने भीतर झांकना पड़ेगा। सब जानते हैं कि चीन हमारा दुश्मन है- फिर भी हम चीन से आई चीजों का व्यापार भी करते हैं और इनके ग्राहक भी हैं। अपने आप पर हमें शर्म आनी चाहिए। फिर हमने जाने किसके असर में आकर अपने दर्जियों को, चर्मकारों को, कुम्भकारों को, लुहारों को, खातियों को, अन्य छोटे दस्तकारों और शिल्पियों को जानते-बूझते बेरोजगार कर दिया। हमारी मिट्टी से हमारे लिये, मामूली मुनाफे पर दीपक, सुराही, मटके और न जाने कैसे-कैसे मिट्टी की सुन्दर चीजें बनाने वाले कुम्भकारों को हमने भूख मारना शुरू किया और चीन के सस्ती और घटिया लड़ी बनाने वालों को मालामाल कर दिया। यही हाल हम अन्य दुकानदारों का कर रहे हैं। यदि हम अपने इन छोटे-दुकानदारों को पनपाने की सोच लें तो किसी अम्बानी, किसी भारती की हिम्मत नहीं कि इन्हें दबा सके।\nहां, इसी बहाने हमारे खुदरा व्यापारियों, ठेले व खोखे वालों को इतना जरूर सोच लेना चाहिए कि आम आदमी को वे ठगना छोड़ें, कम तौल से ऊंचे दामों में घटिया/बासी सामान देकर और कालाबाजारी कर वे अपनी ही जनता को ठगने के दोषी रहे हैं। यदि वैश्वीकरण के इस दौर में उन्हें  बरबाद होने से बचना है तो अपने तौर-तरीके सुधारने होंगे।  \n', 2);

-- --------------------------------------------------------

--
-- Table structure for table `gcm_user`
--

CREATE TABLE IF NOT EXISTS `gcm_user` (
  `id` int(11) NOT NULL AUTO_INCREMENT,
  `gcm_id` text COLLATE utf8_unicode_ci NOT NULL,
  `device_id` text COLLATE utf8_unicode_ci NOT NULL,
  `app_version` text COLLATE utf8_unicode_ci NOT NULL,
  `client_id` int(11) NOT NULL,
  `name` text COLLATE utf8_unicode_ci NOT NULL,
  `contact` text COLLATE utf8_unicode_ci NOT NULL,
  PRIMARY KEY (`id`)
) ENGINE=MyISAM  DEFAULT CHARSET=utf8 COLLATE=utf8_unicode_ci AUTO_INCREMENT=80 ;

--
-- Dumping data for table `gcm_user`
--

INSERT INTO `gcm_user` (`id`, `gcm_id`, `device_id`, `app_version`, `client_id`, `name`, `contact`) VALUES
(65, 'APA91bEpRgwYVMuePWT_mr8PM8HnPKCpoo7Q-l_xpSfAm58V03orbtKbDu7rS2PB84Ly8xy2KN7K34AsrmDRQ9xm5SReC2pr1a2suvL-us3Wm_GZHkvcaeZjpMDDSq72Lqkn8ilUlkga', '356554063623892', '2', 4, '', ''),
(69, 'APA91bH8ar1gxLW_wKx8BsqDzT5Vq78AUmmWNHlinVgEWJ6cLb8HFXmeXVisnrdFlw-fL7jvcOlEUUeKXOXosaualfy-UBn36DynPtcDFYqKoVHOlFiJO8nguzPkHQKq6h4006sqnYL4', '911424850538018', '1', 4, '', '');

-- --------------------------------------------------------

--
-- Table structure for table `joke`
--

CREATE TABLE IF NOT EXISTS `joke` (
  `id` int(11) NOT NULL AUTO_INCREMENT,
  `client_id` int(11) NOT NULL,
  `text` text COLLATE utf8_unicode_ci,
  `image` text COLLATE utf8_unicode_ci,
  PRIMARY KEY (`id`)
) ENGINE=MyISAM  DEFAULT CHARSET=utf8 COLLATE=utf8_unicode_ci AUTO_INCREMENT=18 ;

--
-- Dumping data for table `joke`
--

INSERT INTO `joke` (`id`, `client_id`, `text`, `image`) VALUES
(2, 2, 'ये जोक तो बिलकुल क्माल का था ।', '14296173711429617685.jpg'),
(4, 1, 'थिस इस बेस्त जोक', '14303745831430374858.jpg'),
(5, 2, 'Yes, It''s Silly अबे बेवकूफ, सेंट मैसेज मतलब खुशबू वाला मैसेज!\n\nपकाऊ पंच  प्लंबर : सर नल ठीक हो गया। 800 रुपए फीस दे दीजिए।  इंजीनियर : अरे एक घंटे की इतनी फीस तो मेरी भी नहीं है।  प्लंबर : सर, जब मैं भी इंजीनियर था तो मेरी भी नहीं थी।    गोलू को अपनी गर्लफ्रेंड के साथ डेट पर जाना था लेकिन वह चाहता था कि खाने-पीने में ज्यादा खर्चा न हो। जब उसकी गर्लफ्रेंड आई तो गोलू ने उससे पूछा, ‘क्या खाएगी ‘मोटी’?’  इसके बाद उसे थोड़ी गालियां पड़ीं लेकिन फिर पैसे आधे से ज्यादा बच गए।    छगन : यार ये ‘सेंट मैसेज’ (Sent Message) क्या होता है?  मंगलू : अबे बेवकूफ, सेंट मैसेज मतलब खुशबू वाला मैसेज!  सवाल : गुरुत्वाकर्षण क्या होता है?  आईआईएन स्टूडेंट का जवाब : जब आप अपने गुरु से प्रेम करने लगते हैं तो उसे गुरुत्वाकर्षण कहते हैं।    टीचर (मोनू से) : क्या तुम किसी बड़ी लड़ाई के बारे में बता सकते हो?  मोनू : जी टीचर लेकिन मम्मी-पाप ने घर की बातें बाहर बताने से मना किया है', ''),
(6, 2, '', '14307516801430751998.jpg'),
(7, 2, '', '14307517341430751977.jpg'),
(8, 2, '', '14307517921430752018.jpg'),
(9, 2, '', '14307518121430751941.jpg'),
(10, 2, '', '14307518301430752133.jpg'),
(11, 2, '', '14307518611430752288.jpg'),
(12, 2, '', '14307518801430752046.jpg'),
(13, 2, '', '14307519001430752171.jpg'),
(14, 2, '', '14307519581430752210.jpg'),
(15, 2, '', '14307520021430752125.jpg'),
(16, 2, '', '14307520251430752148.jpg'),
(17, 2, 'Its really a joke. don''t you believe', '14346322911434632688.jpg');

-- --------------------------------------------------------

--
-- Table structure for table `news`
--

CREATE TABLE IF NOT EXISTS `news` (
  `id` int(11) NOT NULL AUTO_INCREMENT,
  `heading` text COLLATE utf8_unicode_ci NOT NULL,
  `summary` text COLLATE utf8_unicode_ci NOT NULL,
  `content` text COLLATE utf8_unicode_ci NOT NULL,
  `image` text COLLATE utf8_unicode_ci NOT NULL,
  `video` text COLLATE utf8_unicode_ci NOT NULL,
  `imgtagline` text COLLATE utf8_unicode_ci NOT NULL,
  `parentnewsid` int(11) NOT NULL DEFAULT '0',
  `image_align` int(11) NOT NULL,
  `image_ratio` double NOT NULL DEFAULT '0',
  PRIMARY KEY (`id`)
) ENGINE=InnoDB  DEFAULT CHARSET=utf8 COLLATE=utf8_unicode_ci AUTO_INCREMENT=166 ;

--
-- Dumping data for table `news`
--

INSERT INTO `news` (`id`, `heading`, `summary`, `content`, `image`, `video`, `imgtagline`, `parentnewsid`, `image_align`, `image_ratio`) VALUES
(71, 'UC Berkeley partners with Companies to set up $24M Innovation and Design Institute\n\n', '', 'UC Berkeley’s College of Engineering opened the new Jacob Institute for Design Innovation wherein Bay Area companies will mentor and mold the newest talent coming out of the UC system. The Institute built with an investment of near to $25M contributed by companies such Qualcomm Inc., National Instruments, Autodesk and General Motors is aimed to have companies mentor students and help the next generation innovators build some of those visions or dreams into innovative ventures. The launch of the initiative is backed with the vision of increased emphasis on entrepreneurship and business partnerships supported by some of the leading payers in the valley. It''s a boost to graduates to be successful and create startups that in turn would potentially use Qualcomm and other companies services / offerings for the ventures.', '<div style="border:1px solid #990000;padding-left:20px;margin:0 0 10px 0;">\n\n<h4>A PHP Error was encountered</h4>\n\n<p>Severity: Notice</p>\n<p>Message:  Undefined index: newsimagespath</p>\n<p>Filename: admin.requests/news.php</p>\n<p>Line Number: 301</p>\n\n</div>14422647991442265297.jpeg', '', '', 0, 2, 0.6076388888888888),
(72, '<br>UC Berkeley partners with Companies to set up $24M Innovation and Design Institute', '', 'UC Berkeley’s College of Engineering opened the new Jacob Institute for Design Innovation wherein Bay Area companies will mentor and mold the newest talent coming out of the UC system. The Institute built with an investment of near to $25M contributed by companies such Qualcomm Inc., National Instruments, Autodesk and General Motors is aimed to have companies mentor students and help the next generation innovators build some of those visions or dreams into innovative ventures. The launch of the initiative is backed with the vision of increased emphasis on entrepreneurship and business partnerships supported by some of the leading payers in the valley. It''s a boost to graduates to be successful and create startups that in turn would potentially use Qualcomm and other companies services / offerings for the ventures.', '<div style="border:1px solid #990000;padding-left:20px;margin:0 0 10px 0;">\n\n<h4>A PHP Error was encountered</h4>\n\n<p>Severity: Notice</p>\n<p>Message:  Undefined index: newsimagespath</p>\n<p>Filename: admin.requests/news.php</p>\n<p>Line Number: 301</p>\n\n</div>14422648951442265054.jpeg', '', '', 0, 2, 0.6076388888888888),
(73, 'UC Berkeley partners with Companies to set up $24M Innovation and Design Institute', '', 'UC Berkeley’s College of Engineering opened the new Jacob Institute for Design Innovation wherein Bay Area companies will mentor and mold the newest talent coming out of the UC system. The Institute built with an investment of near to $25M contributed by companies such Qualcomm Inc., National Instruments, Autodesk and General Motors is aimed to have companies mentor students and help the next generation innovators build some of those visions or dreams into innovative ventures. The launch of the initiative is backed with the vision of increased emphasis on entrepreneurship and business partnerships supported by some of the leading payers in the valley. It''s a boost to graduates to be successful and create startups that in turn would potentially use Qualcomm and other companies services / offerings for the ventures.', '<div style="border:1px solid #990000;padding-left:20px;margin:0 0 10px 0;">\n\n<h4>A PHP Error was encountered</h4>\n\n<p>Severity: Notice</p>\n<p>Message:  Undefined index: newsimagespath</p>\n<p>Filename: admin.requests/news.php</p>\n<p>Line Number: 301</p>\n\n</div>14422650801442265410.jpeg', '', '', 0, 2, 0.6076388888888888),
(75, 'UC Berkeley partners with Companies to set up $24M Innovation and Design Institute\n\n', '', 'UC Berkeley’s College of Engineering opened the new Jacob Institute for Design Innovation wherein Bay Area companies will mentor and mold the newest talent coming out of the UC system. The Institute built with an investment of near to $25M contributed by companies such Qualcomm Inc., National Instruments, Autodesk and General Motors is aimed to have companies mentor students and help the next generation innovators build some of those visions or dreams into innovative ventures.&nbsp;<div><br></div><div>The launch of the initiative is backed with the vision of increased emphasis on entrepreneurship and business partnerships supported by some of the leading payers in the valley. It''s a boost to graduates to be successful and create startups that in turn would potentially use Qualcomm and other companies services / offerings for the ventures.\n\n</div>', '14422653351442265799.png', '', '', 0, 2, 0.7374517374517374),
(76, 'Citi Mobile Challenge – 8-10 weeks accelerator program launched in Bangalore', '', 'The Citi Mobile Challenge is a Citi Corporate Accelerator Program for the Asia Pacific Region. It''s, 8-10 week duration and aims to actively network with the startups from countries like India. It''s a combine of virtual Hackathon with an incubator inviting developers from pan India to participate.  The objective is to address proactively the disruption from payment banks, mobile wallets, new age financial technology startups and crypto currencies such as Bitcoin.  \n\nIBM, Google, NASSCOM 10,000 startup program, Amazon, Microsoft Ventures, Wipro and PwC the Bank are partners for the initiative to help Citi select Startups in ecommerce and payments segment.\n\n', '14422655531442265835.png', '', '', 0, 2, 0.7374517374517374),
(77, 'Pixel2desk makes 3D printing easily possible for all in India \n', '', 'Founded by Madhan R, an MS from Cardiff University, UK Pixel2Desk, is 3D printing marketplace wherein one can order customized 3D printed parts or figurines, buy sell 3D printable models, designed by artists from across the globe. Also facilitates those who want to design, own one off models or one of prints.  Initiatives such as free to attend Market fest by the Startup aims to cultivate a community of makers and inventors facilitating a direct interface / guidance by the designers and provides unrestricted access to 3D printers. Pixel2desk caters to B2B segment too–industrial and private R&amp;D projects in areas such as healthcare, automobile etc.<br>‌&nbsp;<br>In short span of 8-10 months, the company has helped Startups like – Mango to prototype its computing product cases; Gyannext in creating customized USB devices, quadcopter canopy for Bangalore based hobbyist etc.  Continuous R&amp;D for technology enhancement is the core, such as the ongoing experiment for a low cost solution to provide 3D scanning services to engineering business and customized jewelry and virtual clothing try-on.  With a team of 6 and initial seed investment by a friend cum mentor, Pixl2desk aims to emerge as the undisputed innovative leader in the 3D printing space in the Asian market.<br>‌&nbsp;<br><b>‌The Founder, Mr. Madhan R said</b>,  “we are in talks with our investors to open hands on experience center in Coimbatore wherein customers will be able to walk-in, touch &amp; feel 3D printed objects, maybe place an order for a 3D printed shoe for themselves or sit down for a product design brainstorming session over a cup of coffee! A 3D printed inmoov robot (http://inmoov.fr/) is also planned for our marketing stunt so watch out if you see one walk around Coimbatore for this New Year”.<br>‌&nbsp;<br><b>NewzByte Interview with the Founder Mr. Madhan R.</b><br>‌&nbsp;<br>‌&nbsp;<br><b>What is the marker size of 3D printing Industry and its potential market?</b><br>The $20 Billion 3D printing industry is set to explode – actually quadruple by 2020. Industrial 3D printing has been happening since yesterday and consumer 3D printing is happening today! Manufacturers are investing heavily in 3D printing technology primarily for Prototyping, Product development, &amp; rapid innovation (creating new products that cannot be created using tradition manufacturing techniques) \n	Don’t be surprised if the spare part you ordered for your washing machine was not shipped but emailed as a digital model by your manufacturer.<br>‌&nbsp;<br>‌<b>What is the winning edge for Pixel2desk in the business arena?</b><br>‌We have passionate people who know their stuff. Our Print quality and subject matter expertise gives us a winning edge over our competitors. We don’t just print we are makers ourselves.  \nWe have the widest choice of 3D printable materials which includes ABS (high strength parts), PLA (bio degradable plastic), Nylon, ninja-flex (flexible sleeves, wearable’s, fabric etc), Faux-wood (40% wood and 60% PLA for decoratives) PET-Glass (for transparent objects) and brushed aluminium.  We focus on really smooth customer experience by being available and providing really fast turnaround time, which our customers love. \n\n	Though our Marketplace division is focused more towards casual end users or for people in the 3D modeling industry who like to share or buy/sell digital models, the real fun is with the bespoke offering that we provide for B2C and B2B customer segment.  \n\nIf you have a product design in mind, say, to invent a new type of shoe and haven’t gotten really anywhere with just the sketches, pixel2desk can help you design it, model it into a 3D model, prototype it fast and iterate. If the tangible prototype meets expectations, pixel2desk can help the makers take it to mass production thanks to our close ties with manufacturers in China who undertake mass manufacturing orders with less than 500 pieces or so quantities via us. \n\n	The other worthy mention is the technology backend that makes ordering 3D prints a seamless experience. Calculation of estimated price, material selection and sizing happens on the fly via an interactive front end, of course it is moderated by a human EOD. \n\n3D printing space in India is rather distributed and disconnected market. As early pioneers within the 3D printing space of India, Pixel2desk makes it a priority to connect the 3D printing space to facilitate seamless accessibility to this technology for the masses. Think of us as Amazon or Flipkart for the 3D printing space – We do maintain part of inventory and operation in-house whereas a part of the orders are processed through our connected print partners throughout India - Very little to zero companies are doing this at the moment.<br>‌&nbsp;<br><b>Profitability and revenue of the company  / Targets set to make it profitable</b><br>‌We have been processing orders via a concierge model since the last 4 months and we have only made just enough to self-sustain the startup. We aim to go official and operate at full capacity by end of October.  We are targeting few niche industries after successfully validating the product: market fit. We will be reaching out to 3D printer owners in the forthcoming weeks to join our print partner programs.  We have set a goal to make the autonomous web service of pixel2desk and bespoke offerings operate at full capacity by end of this year. Would you believe – we have only begun marketing activities few weeks ago only. \n\nIn case you wish to touch base with pixel2desk, please write to madz@pixel2desk.com', '14422661421442266545.jpg', '', '', 0, 2, 0.75),
(78, 'QUBEX is Startup incubator cum accelerator', '', 'QUBEX launched by Nebula Tech Solutions is all about mentoring, an incubator cum accelerator. The initiative is conceptualized with the understanding that mentorship is a continuous process and not limited to few days or months. The mandate is to facilitate in creating business processes and leadership to help drive growth from within the organization.<br>‌&nbsp;<br>‌The focus is to maximize the success potential of Startups and get best results from their ideas. QUBEX business model is a mix of equity and consultation fees, which is linked to the scope of service and level of engagement required by the startup.<br>‌&nbsp;<br>Business Plan, Revenue models, Product development, Launch plan and Marketing strategy is part of the mentorship program and customized as per the requirements.<br>‌&nbsp;<br>QUBEX gets the added advantage of leveraging the extensive business knowledge and resource pool of the organization consisting of senior professionals across business functions to invest their time and learning’s to create value including in the area of digital marketing, enterprise mobility, custom app development and ecommerce business set up.  ', '14422664891442266826.png', '', '', 0, 2, 1),
(82, '<span id="docs-internal-guid-0f0d213f-cdea-9c01-4fda-dfcaa3bc4ad5"><span style="font-size: 16px; font-family: Calibri; color: rgb(0, 0, 0); vertical-align: baseline; white-space: pre-wrap; background-color: transparent;"> Pentagon funding a new project to develop flexible sensors</span></span>', '', '<span id="docs-internal-guid-0f0d213f-cdea-cf7a-446a-f494e42eb379"><p dir="ltr" style="line-height:1.2;margin-top:0pt;margin-bottom:0pt;"><span style="font-size: 16px; font-family: Calibri; color: rgb(0, 0, 0); vertical-align: baseline; white-space: pre-wrap; background-color: transparent;">Defense Secretary Ash Carter has announced that the Pentagon is funding a new venture to develop flexible sensors that can be built into clothing or the skins of ships and aircraft. The technology could be used to develop wearable health monitors that could be built into clothing. </span></p><p dir="ltr" style="line-height:1.2;margin-top:0pt;margin-bottom:0pt;"><span style="font-size: 16px; font-family: Calibri; color: rgb(0, 0, 0); vertical-align: baseline; white-space: pre-wrap; background-color: transparent;"><br></span></p><p dir="ltr" style="line-height:1.2;margin-top:0pt;margin-bottom:0pt;"><span style="font-size: 16px; font-family: Calibri; color: rgb(0, 0, 0); vertical-align: baseline; white-space: pre-wrap; background-color: transparent;">Carter states that the new technology has enormous potential for the military. It can be used to detect and trigger repair alerts in building and give wounded soldiers smart prosthetics. It could also be used to improve diagnostic X-rays to make breast cancer tests less painful and could be even used to assist the elderly.</span></p><div><span style="font-size: 16px; font-family: Calibri; color: rgb(0, 0, 0); vertical-align: baseline; white-space: pre-wrap; background-color: transparent;"><span id="docs-internal-guid-0f0d213f-cdea-f492-f1e1-96ad1b1c3cda"><p dir="ltr" style="line-height:1.2;margin-top:0pt;margin-bottom:0pt;"><span style="color: rgb(0, 0, 0); vertical-align: baseline; background-color: transparent;">"Given what we''ve already done, there''s truly no limit to what we can achieve together," said Carter. "That''s why I''ve been pushing the Pentagon to think outside our five-sided box, and invest in innovation here in Silicon Valley and in tech communities across the country."</span></p><p dir="ltr" style="line-height:1.2;margin-top:0pt;margin-bottom:0pt;"><span style="color: rgb(0, 0, 0); vertical-align: baseline; background-color: transparent;"><br></span></p><span style="vertical-align: baseline; background-color: transparent;">The syndicate called the Flexible Hybrid Electronic Institute, will be led by California-based FlexTech Alliance and includes 162 companies, universities and other groups like Apple, HP and United Technologies. Pentagon will provide $75 million for the project while the industry, academia and local government will contribute $96 million over the next five years to create the innovation institute. </span></span><br></span></div></span>', '14422684161442268753.jpeg', '', '', 0, 2, 0.6666666666666666),
(84, 'How much online shoppers around the world are spending', '', 'Over the past few years, online shopping has become increasingly popular around the world. In markets such as the United Kingdom, Japan and Germany, e-commerce penetration has already climbed past 70% of the adult population, and emerging markets such as Brazil and China are seeing rapid growth in online shopping adoption.&nbsp;<div><br>‌But how much are people around the world actually spending online?&nbsp;According to Statista''s Digital Market Outlook, the United States is not only leading in terms of total e-commerce revenue, but also among the countries with the highest revenue per online shopper. On average, Americans are expected to spend $1,804 online this year, almost double of what Japanese shoppers are spending online. </div>', '14422712431442271685.jpg', '', '', 0, 2, 0.6527196652719666),
(85, 'Steve Jobs Got It Wrong, Apple Figures Out Now&nbsp;ǃ', '', 'Apple has launched the iPad Pro and just admitted Bill Gates was right and Steve Jobs was wrong. Years ago Steve Jobs went on about how the early Windows tablet, which was designed for work and had a stylus, was stupid. Steve was not a fan and pretty much dissed the entire tablet idea and then again dissed the whole idea of a stylus when he launched the iPhone.&nbsp;<div><br>‌Tim Cook effectively gave Jobs a royal&nbsp;raspberry with the iPad Pro, which is basically the Apple version of the Windows tablet. The thing is, though, that given the iPod evolved into a small tablet, the iPhone is basically a small tablet with phone capability, and the iPad, well it is the quintessential tablet. Apple has been throwing Jobs'' initial position, that tablets were stupid, into the dumpster for some time now.&nbsp;</div><div><br>‌The&nbsp;thing is, in developing the initial Windows tablet, Microsoft simply didn''t get what users wanted in a tablet very well. Apple''s success was based on better user focus, but Microsoft''s success with Surface Pro indicated there was an important part of the tablet opportunity that Apple was missing -- and Apple just jumped on that. In the end, this could make both companies'' offerings far better over time.</div>', '14422723271442272679.jpg', '', '', 0, 2, 0.5666666666666667),
(87, '3251 App in 30 min and 4000+ drawings in 5 minutes @ KIC Coimbatore  ', '', 'Celebrating the 48th Engineers Day on September 15th, two events Developers 2015 – where 3251 Android Apps for the smart phones developed in 30 minutes and Coloring the Dreams on the theme of Vision 2020 organized by the Karpagam Innovation Centre (KIC) of Karpagam College of Engineering, Coimbatore.\n‌&nbsp;<br>‌<br>‌Termed as YES YOU CAN, the Android App event is a Limca Book of Records attempt by close to 3500 Engineering Students happening for the first time globally. Like wise Coloring the Dreams is about 4000+ Drawings about Vision20/20 within 5 minutes.\n‌&nbsp;<br>‌<br>Dr. B.Nagaraj, Head of Karpagam Innovation Centre and the Principal, Vice-Principal, Dean, Directors, all the Head of Departments, Controller of Examination came out in all support and gave all guidance to make the event a huge success.\n‌<br>‌<br>‌Through these events students will be given a message to strive for excellence in technological innovation taking inspiration from Bharat Ratna Sir Visvesvaraya to make India self reliant and technologically advanced.', '14425762041442576441.jpg', '', '', 0, 2, 0.6666666666666666),
(89, 'Indian origin researcher invents Foldascope-a folding paper microscope ', '', 'Indian origin researcher, Manu Prakash, of Stanford University has invented a new folding paper microscope that costs less than a dollar to manufacture. The microscope dubbed ''Foldascope'' is printed on a thick paper and can be assembled in origami-style in just a few minutes. Prakash states that the paper, lens and other parts of the microscope cost just 50 cents.&nbsp;<br>‌<br>Last year, Prakash and his team had distributed 10,000 Foldscopes to users willing to test them. Many users have been submitting their findings at the Foldscope site, from first-graders looking at banana seeds to investigating tiny insects and more.<br>‌&nbsp;<br>‌Entomologist and science reporter Aaron Pomerantz tested the foldascope in the Peruvian Amazon rainforest and stated in a post, "Long story short, this device is amazing". He adds, "I was able to investigate tiny insects, mites, fungi and plant cells from 140X (magnification) to 480X."<br>‌&nbsp;<br>Prakash says that Foldscope will be able to help health care workers detect blood-borne illnesses in the field. He stated in a Stanford blog post, "I wanted to make the best possible disease-detection instrument that we could almost distribute for free. What came out of this project is what we call use-and-throw microscopy." Although the Foldacope is not commercially available yet, Prakash and has team state that they are "working hard to make the microscopes commercially available via a spinoff/startup."', '14425769511442577213.jpg', '', '', 0, 2, 0.5631578947368421),
(90, 'Samsung Global Innovation Center (GIC) to incubate and invest in Startups in SV', '', 'The Samsung GIC focuses on startups in innovation in areas such as digital health, big data, IOT, Security, Artificial Intelligence, virtual reality, augmented reality and connected car. As strategic investors, Samsung investment is in early stage startups having the potential for strategic partnership with Samsung business units and investment ranges from $250,000 to $3M in Seed, Series A, and Series B rounds.<br>‌&nbsp;<br>‌With close to 30 investments done from 2012 to date, the key mandate of the GIC, other than positive financial returns is the impact the investment has done to Samsung core businesses and value to Startups as an early stage investor like the integration of Pixie, a Smart TV publishing platform into Samsung flagship TVs. SmartThings (IOT and smart home technology) acquired by GIC or in investments in LoopPay (into mobile payments -now Samsung Pay) that today are central to Samsung products roadmap is what GIC is aiming for.', '14425771161442577443.jpg', '', '', 0, 2, 0.9263157894736842),
(91, 'Lasers a danger to self drive cars', '', 'Security researchers have warned that a modified, low-cost laser could create ghostlike objects in the path of autonomous cars, making them slow down and stop completely.<br>‌&nbsp;<br>Jonathan Petit, principal scientist at software company Security Innovation, demonstrated that by using a simple laser pen and a pulse generator, anyone could create phantom objects like cars, buildings, people etc. and stop the self driven cars. The homemade device costs just $40 to make.<br>‌&nbsp;<br>‌Self-driving vehicles come with a LIDAR system to detect potential roadblocks. These LADAR systems use lasers, mounted on top of the cars to detect what''s nearby. Researchers state that by sending false data to the system, anyone can confuse the cars and stop them. Petit says that this type of vulnerability should be a sort of wake-up call to self-driving carmakers.<br>‌&nbsp;<br>"If a self-driving car has poor inputs, it will make poor driving decisions. I can spoof thousands of objects and basically carry out a denial of service attack on the tracking system so it''s not able to track real objects." Petit told IEEE Spectrum. "I can take echoes of a fake car and put them at any location I want," he added.<br>‌&nbsp;<br>Jonathan Petit had written the paper while he was a research fellow at the University of Cork''s computer security group. He will be presenting the findings at the upcoming Black Hat Europe conference in November.', '14426629321442663260.jpg', '', '', 0, 2, 0.6684210526315789),
(92, '''The Travelling Boutique'' will make your trip memorable', '', 'The Travelling Boutique (TTB) is a one-stop shop for travelers and aims to provide a unique retail experience with merchandise that meets customers, every travel need. It offers a diverse range of products, for all travelers, whether you want to go for a business trip or a family vacation or just a trip with friends, TTB has something for you.<br>‌&nbsp;<br>‌The Travelling Boutique, started in February 2015 by two friends Paran Sheth and Pooja Parikh. Since its launch TTB has already completed more than 100 retail and corporate orders. The company plans to diversify into children as well as luxury sectors in the next few months. Also expand and manufacture its own products.<br>‌&nbsp;<br>With the massive growth in the Indian travel industry, TTP has a huge potential. According to a recent report, the travel and tourism sector will contribute Rs. 8.22 trillion to GDP and 37.4 million jobs by 2015 end. The growth is driven by visa reforms, and infrastructure improvements under the new government. More and more travelers are utilizing budget deals, airfare sales etc. to travel.<br>‌&nbsp;<br>‌The company says, "Our aim is to find and give a traveler everything he/she would need to make their travels smooth. That’s where our journey began to become a holistic market place that covers brands, price points and categories of travel accessories that any globetrotter would require. Not quite there yet, but definitely on our way! We want to be every traveler''s online travel accessory store".', '14426632851442663739.png', '', '', 0, 2, 0.5894736842105263),
(93, '''BookMyForex'' meets all your forex needs', '', 'The Indian travel industry is booming due to relaxed visa norms as well as infrastructure improvements. Many financial institutes, banks and money exchanges have started offering deals on foreign currency to aid the growing travel industry. An online forex marketplace like BookyMyForex offers a lot of transparency and competitive pricing for travelers.<br>‌<br>‌BookMyForex is the world''s first and largest online marketplace for buying, selling &amp; remitting forex. Earlier buying forex was very cumbersome and one had to haggle for rates with multiple vendors, BookMyForex provides a single platform where you can get real time quotations on foreign exchange and value for money deals.<br>‌<br>‌The online forex marketplace has tie-ups with leading banks and reputed money exchangers. It has unique features like ''Freeze my rate'' where you can book your forex rate, by paying 2% of the amount upfront. You can also choose ''No Obligation'' orders, which are available 24*7 without any payment and can be cancelled anytime. The company provides forex doorstep delivery in 155 cities or you can choose to pick up your currency from its 4000+ channel partners in 175 cities.<br>‌<br>‌BookMyForex is offering Zero Margin deals on Sept 22, where you will be able exchange foreign currency for free. It also has special discounts for students, combo offers and loyalty programs.', '14428560381442856528.jpg', '', '', 0, 2, 0.5),
(94, 'Eko stethoscope could reinvent healthcare', '', 'Eko Devices, a Silicon Valley startup by three UC Berkeley alumni, has invented a new digital stethoscope that allows doctors to record and share the sound of a patient’s heart. Eko Core has been developed by Connor Landgraf in collaboration with his former classmates Jason Bellet and Tyler Crouch.<br>‌<br>‌Eko Core allows physicians/ medicine practitioners to share recordings of their patient’s heartbeats using an iPhone app with specialists who may be better able to recognize and diagnose abnormalities. The digital stethoscope that’s connected to the Internet will allow a cardiologist to sit in their office and review heart sounds sent from around the world. The device will be extremely beneficial to patients in developing countries as well as in remote areas. Eko is running its pilot project in Stanford Hospital.‌&nbsp;<br><br>‌Jason Bellet, the chief operating officer at Eko Devices stated, “If we can bring expert cardiologists from Johns Hopkins to a patient in rural Nebraska or a rural village in India, that opens up the opportunity to save lives. What we’re seeing with the age of telemedicine is that now we can take a heart sound from a rural, underserved community and send that to a cardiologist for an instant second opinion.”<br>‌&nbsp;<br>‌Eko''s attachment for analog stethoscopes is priced at $199, while a version that filters out ambient noise and allows physicians to focus on the sound of the heart is available for $299.', '14428568381442857113.jpg', '', '', 0, 2, 0.5633333333333334),
(95, 'Emerging markets Impact on App Ecosystem', '', 'According to a report from App Annie, emerging markets like Indonesia, Brazil, India, and Mexico have seen a massive growth in downloads and revenue and provide an unparalleled opportunity for app developers. The report is based on market-level app store growth for iOS and Google Play stores.<br>‌<br>The App Annie report reveals that in Q1, 2015; iOS is ahead Google Play in revenue, however Google Play has seen more downloads. Google Play’s worldwide downloads were 70% higher than the iOS App Store in Q1,2015 and up from 60% in Q3 2014. The main drivers behind Google Play''s growth are emerging markets like Mexico, India, Russia, Indonesia and Brazil. The increase is attributed to first time smartphone users in the emerging countries and the launch of Google''s Android One initiative.<br>‌&nbsp;<br>iOS App Store’s worldwide revenue was 70% higher than Google Play, up from about 60% in Q3 2014. iOS main revenue can be attributed from Apple’s core markets China and US. China has surpassed US in the number of downloads in Q1, 2015. The main reason for the increase in revenue was the launch of Apple''s flagship iPhone 6 and iPhone 6 Plus smartphones. Check out the complete report from App Annie.', '14428571671442857602.png', '', '', 0, 2, 0.4700460829493088),
(96, 'Online food startup ''Baba Fattoosh'' brings ''Ma ka khana to you''', '', 'Craving for some home cooked food? Online food tech startup ''Baba Fattoosh'' brings to you home cooked healthy food that can be eaten everyday.<br>‌&nbsp;<br>‌Founded in 2015 by Devesh Varshney, Baba Fattoosh offers food that is cooked in-house without the use of preservatives or MSG. It offers a new menu to its customers every day, so they don''t get bored. The start-up has a 21-member team and receives over 100 orders every day. Currently the company offers food delivery in East of Bangalore covering tech parks in the areas of Whitefield, ITPL, EPIP, Brookfield, Marathalli, Bellandur etc and plans to expand its operations to cover commercial pockets of Bangalore by Mar-2016.<br>‌&nbsp;<br>‌Devesh Varshney says that the company aims to build a nurturing ecosystem for young working adults to develop healthier lifestyle habits by providing food, tech and personalized support. The venture is also working on a technology module that will track customers food intake habits and chart a healthy and balanced food plan for them accordingly.<br>‌&nbsp;<br>Food Tech touted as a $50 billion market, is expected to grow at close to 150 times in the next few years. According to reports the industry has seen an astounding growth of 16% - 20% y-o-y. In the first half of 2015, the food tech industry has seen over $3.5 billion in investments across 380 disclosed deals, making it the next big thing.', '14428573971442857835.png', '', '', 0, 2, 0.9354166666666667),
(97, 'SmartPlate helps track calories you eat', '', 'Anthony Ortiz, the CEO and founder of Fitly has launched a smartplate for fitness conscious consumers, which can track the number of calories the eat. The smartplate uses food recognition technology that tells you the nutritional value of a meal, as well as the complete break down of the number of carbs, proteins and fats that you have eaten.<br>‌&nbsp;<br>‌The SmartPlate has three digital cameras, which photograph the food on the plate and then transfer the photos via WiFi to a mobile device. The images of the food are then compared to the database of images on the internet, to help classify the food items on the plate.<br>‌<br>‌Ortiz says that SmartPlate''s proprietary algorithms identifies foods in less than a second. "SmartPlate is the most intelligent plate on the planet," Ortiz says. "Using digital cameras and weight sensors, it instantly tracks and analyzes everything a consumer eats with up to 99.7 percent accuracy." She added that, "Currently, our technology can identify things like mixed salads, rice pilaf, spaghetti with meatballs and turkey wraps."<br>‌<br>‌The company aims to raise awareness on nutrition and healthy eating and has teamed up with the American Heart Association. SmartPlate will be donating 1 percent of their revenues to the cause, "our hope is more people will learn how to use accountability tools like SmartPlate," Ortiz stated.', '14428577661442858172.jpeg', '', '', 0, 2, 0.51),
(98, 'Biometrics startup Tascent raises $18.5 Mln in Series A funding', '', 'Global biometrics startup Tascent has raised $18.5 million in Series A funding led by Tano Capital to develop its iris recognition systems for airport and high-level security. The company has already introduced its systems at the Dubai International Airport, London Gatwick Airport as well as a number of high-security facilities in the US.<br>‌<br>‌Founded in 2015 by Dean Senner, the biometrics uses Iris scanning technology to provide additional and efficient security. Global healthcare biometrics revenue is expected to reach $3.5 billion by 2024, with the additional funding the company aims to grow its product line in government, enterprise and other market sectors. The company which already has offices in Singapore, Dubai and Washington, D.C, plans to expand its presence globally.<br>‌&nbsp;<br>‌Senner stated in a press release announcing the funding round, "Over the past few years, biometrics has become a positive and impactful aspect of our daily lives. We’re excited to build upon this momentum with highly accurate and easy-to-use identity solutions that contribute to a safer and more efficient world.” He added, “Our strength in iris recognition, along with products that embrace multiple biometric modalities including fingerprint and face recognition, empowers us to deliver flexible and customizable solutions to customers globally.”', '14428582871442858779.jpg', '', '', 0, 2, 0.7152173913043478),
(99, 'Vzibl’, a marketing tool for SMB marketers by Datawrkz', '', 'Advertising technology provider Dataworkz recently launched a platform- Vizibl. It aims at making programmatic advertising accessible to SMB agencies and brands.<br> <br>\nSenthil Govindan, CEO and Anand Prakash, COO, Datawrkz founded Vizibl specifically for the mid-market advertising segment. The Pay-as-you-go demand side platform provides the best technology for SMB marketers to launch large-scale advertising campaigns.<br>‌&nbsp;<br>The automated platform analyses multiple variables in real time, to make sure that Advertisers get the right campaign. The tool does not require a minimum spend or any upfront costs, and advertisers have the freedom to define their own budgets, goals and attribution model.<br>‌&nbsp;<br>‌Key USP of Vizibl in the advertising domain:<br>\n1. Programmatic advertising, democratic and accessible to agencies and brands of all sizes<br>\n2. Advertisers get complete control and transparencies over the respective campaigns<br>\n3. No commitment towards a minimum monthly spend<br>\n4. Provides advertisers access to the largest programmatic exchanges in the world no matter what their ad budget is<br>\n5. Specifically beneficial for the mid and small size advertisers<div><br>\nThe Founders and the core team intends to make tools such as contextual targeting, fraud detection and dynamic creative optimization available through Vizibl, in the near future, in order to ensure that clients are able to access the same kind of full ad technology stack available as available to large agencies and clients.</div>', '14428585301442858773.jpg', '', '', 0, 2, 1),
(101, 'FLUID- A smart water meter for your home', '', 'FLUID is a new smart water meter that helps you in conserving water by detecting usage and leaks to save money. Launched on Kickstarter, Fluid water meter connects via Wi-Fi and gives you real-time reports of water usage on your iPhone or Android device.<br>\n <br>\nFLUID helps you understand exactly when, where and how much water you’re consuming in your home on a daily basis. The device easily snaps on to your water pipe, and sends notifications if it detects possible leaks or running water in your home. The smart meter creates signatures which help in identifying water usage by each appliance or fixture in your home. So you will be able to monitor how much water you''re using for things like dishwashing, showers, laundry, flushes, lawn irrigation, etc. Going forward the technology will also be integrated with smart home monitors like Nest or SmartThings, and will provide a REST API so developers can build their own integrations.<br>\n <br>\nFLUID co-founder Josh Becerra says, “Right now consumers get a water bill every month and it’s in units, not gallons, so you have to flip the sheet over and do some math to find out how many gallons you’re using. FLUID is really about empowering consumers to take more control over their water usage.”', '14431003591443100479.png', '', '', 0, 2, 0.75),
(102, 'Symantec warns about dangers of IoT, Wearbles', '', 'Security provider Symantec has issued a warning about IoT and smart devices being vulnerable to cyber criminals. According to a report, hackers have started breaching smart devices and more cases of ransomware are surfacing online.<br>\n <br>\nMcAfee Labs reported that the number of ransomware samples identified grew 127 percent from Q2 2014 to Q2 2015. The company says that security in IoT devices is still very unsophisticated, making it easy for cybercriminals to hack the systems and hold them for Ransomware.<br>\n <br>\nThe researchers demonstrated the threat by infecting a Moto 360 smartwatch with the Android Simplocker ransomware, causing the smartwatch to become unusable. Smartwatches are not the only thing vulnerable, Symantec researcher Candid Wueest stated that, "It''s very plausible that we''ll see ransomware on smart TVs, routers or any other smart devices in the future." She added that an infected smartphone could scan its owner''s home network for vulnerable devices and infect those found with malicious code.<br>\n <br>\nSymantec has advised users against installing apps on their smart devices from unknown or un-trusted sources to prevent hacking. The security firm states that users should check permissions when installing apps to make sure they''re appropriate. Users should also make sure that security software on their mobile devices is up to date.', '14431005141443100845.jpg', '', '', 0, 2, 1),
(104, 'Gapoon makes Home Maintenance comfortable and easy! ', '', 'Gapoon is a Bangalore based startup that provides a one-stop solution for all your home maintenance needs. The company has a free Android app that allows you to hire servicemen with just a click of a button and facilitates checkout in just 3 seconds!<br>\n<br>\nStarted by three IIT Kanpur Alumnus Ankita Asai, Apoorva Mishra and Ankit Bindal in Feb, 2015, Gapoon allows you to hire verified professionals for home maintenance including plumbers, electricians, pest control, carpenters, painters, house-cleaners, laptop &amp; appliance repairmen. The site mentions the prices of the services upfront and has a fully automated lead management system with end-to-end follow-up on every lead. Gapoon successfully connects a customer with his best-suited vendor based on <br>\nattribute mapping &amp; location within 15 minutes. <br>\n<br>\nSince its launch, Gapoon has over 2000 satisfied customers, and has shown a 50% monthly growth rate in terms of daily visitors, queries and completed orders. The company has seen a zero attrition rate from vendors and has a high number of repeat customers. The Chief Marketing officer and Founder, Ms. Ankita Asai shared to Newsbyte that Gapoon has been able to ensure these qualities because of its seamless operational management &amp; tech edge. When asked about the key areas wherein the Startup faced challenges, the team was very categorical in stating that Gapoon has faced multiple challenges, such as:<br>\n	•	Limited resources as a seed funded startup<br>\n	•	Tough competition in the market <br>\n	•	Training of vendors and <br>\n	•	Geographical expansion<br>\n<br>\nHome maintenance is the largest disorganized sector in the country, with an opportunity of billion jobs. The market leaders in the sector have captured only 1-1.5% of it, leaving a lot of scope for expansion. Currently only in Bangalore, Gapoon aims to establish a pan-India presence and expand to 14 other major cities by 2016.<br>\n<br>\nAnkita Asai, Gapoon''s CMO and founder gives three takeaways for aspiring entrepreneurs, "I would say that in the world-up of start-ups perseverance takes one a long way. It is all about the ''not giving up attitude'' that will guarantee you success. As an entrepreneur, have a long term vision for your company and align your team members to share that common vision. Until you think big, you won''t make big".', '14431017071443102156.png', '', '', 0, 2, 0.3888048411497731),
(105, 'Smartphones driving India’s e-commerce industry', '', 'India will surpass US to become the second biggest smartphone nation with over 500 million mobile internet users by 2017. According to a recent report, by 2016 the country will have over 236 million mobile internet users, and will cross 314 million milestone by 2017.<br>‌&nbsp;<br>Smartphone shipments in Q2 2015 have reached 26.5 million units, up by 44% of the Q2 2014. With the launch of more budget devices, India will see a double-digit growth in smartphone sales to become the second biggest smartphone nation after China. The increased penetration of smartphones is the major driving force of growth in the e-commerce sector. According to a recent report, the e-commerce segment in India will grow from $1.7 billion in 2015 to $2.3 billion by 2017. Most of the online traffic to eCommerce sites in India is coming from mobiles. ', '14431814821443181778.jpg', '', '', 0, 2, 0.6451612903225806),
(106, '', '', '<p style="margin-bottom: 0px; font-size: 12px; line-height: normal; font-family: Helvetica;">According to reports, Amazon''s 50% of the traffic is coming through mobile devices, while e-commerce giant Flipkart receives 70-75% traffic from mobile app alone and Snapdeal’s 75% sales are from smartphones. Online wallet PayTm has revealed that 80% of its business order is sourced through mobiles. The companies expect that over the next 3 years 90% of their traffic will come from smartphones.</p>', '14431815561443181678.jpg', '', '', 105, 1, 0.7705078125),
(107, '4D Printing technology can create self-folding objects', '', 'Researchers from Georgia Institute of Technology and Singapore University of Technology and Design, have developed a new 4D printing technology that could be used to create 3D structures that fold themselves from smart memory shape-memory polymers that had been flat or rolled into a tube for shipment. <br>\n<br>\nThe components would respond to a single source of stimulation in a precise and timely movements, causing the flat object to respond to create new 3D structures without the various parts colliding. To simplify the tech, the researchers used a uniform temperature application technique to internally control their rate of shape change through their molecular design. <br>\n<br>\nThe researchers stated, “An important aspect of self-folding is the management of self-collisions, where different portions of the folding structure contact and then block further folding. A metric is developed to predict collisions and is used together with the reduced-order model to design self-folding structures that lock themselves into stable desired configurations.” <br>\n<br>\nThe team suggested that the components will be able to respond to stimuli like heat, moisture or light and have various applications in space structures, robots, deployable medical devices, toys, etc. The technology could be applied to something as complex as an unmanned air vehicle, which will maintain a different configuration while cruising altitude and then abruptly shift into a second configuration for landing or diving. The findings were published in the journal Scientific Reports.', '14442892561444289568.jpg', '', '', 0, 2, 0.6666666666666666),
(108, 'Microsoft launches Rare Replay collection of 30 Classic games', '', 'Microsoft on Tuesday launched the Rare Replay collection, a compilation of 30 best games in Xbox History. The collection was announced at the 2015 Electronic Entertainment Expo and released worldwide as an Xbox One exclusive. Launched at $30 Rare Replay includes games like Perfect Dark, Blast Corps, Battletoads, as well as retro classics like Snake Rattle N'' Roll. <br>\n<br>\nRare Replay spans games across multiple genres and consoles, ranging from the ZX Spectrum to the Xbox 360 and come with the some features as their original releases. Microsoft announced the collection at its Gamescom event in Germany which focused largely on the exclusive games coming to the Xbox One this year and in 2016. Xbox exclusives slated to arrive later this year include Lara Craft- Rise of the Tomb Raider, sci-fi shooter Halo 5 Guardians and Forza Motorsport 6. The 2016 Xbox releases include Recore and Sea of Thieves, Quantum Break, Crackdown 3 and Scalebound.<br>\n<br>\nXbox Chief Phil Spencer stated at the launch, "That vision includes the games you want to play, and the connection to the people you want to play with, across the devices you want to play on. Whether you''re a console gamer, a PC gamer or both, we are committed to delivering the experience you expect from Microsoft."<br>\n', '14442896171444289978.png', '', '', 0, 2, 0.5677966101694916),
(109, '''SafePay'' system to stop credit card fraud ', '', 'Researchers have developed a new method called ''SafePay'' to prevent credit card fraud using magnetic card readers. The system converts disposable credit card information to electrical current, with a magnetic card chip to simulate the behavior of a physical magnetic card. ''SafePay'' will help in thwarting credit card fraud which accounts for approximately $8 billion in incurred losses every year in the U.S alone.<br>\n<br>\nThe system uses a mobile banking application to communicate with bank servers and generates a disposable credit card number which expires after a single transaction. So even if the information is stolen it cannot be used by cyber criminals for future transactions. The magnetic credit card chip is compatible with all existing readers and costs just $0.5. <br>\n<br>\nThe research is being led by Yinzhi Cao assistant professor of computer science and engineering at Lehigh University (Bethlehem, PA) along with coauthors Yan Chen and Xiang Pan from Northwestern University. The team conducted real-world experiments with the ‘SafePay’ technology and all the transactions were successful. Cao and his colleagues will present the research at the IEEE Conference on Communications and Network Security next week in Florence, Italy from September 28-30. <br>\n<br>\nCao stated that, "Because SafePay is backward compatible with existing magnetic card readers, it will greatly relieve the burden of merchants in replacing card readers and at the same time protect cardholders from mass data breaches."<br>\n', '14442923961444292531.jpg', '', '', 0, 2, 0.7658402203856749),
(110, 'Sri Lanka to get Google''s internet powered balloons', '', 'Google has been working on Project Loon to bring internet to remote parts of the world. The internet giant''s Project Loon uses high-altitude balloons attached with a solar panel at an altitude of about 12 miles in the stratosphere to create an aerial wireless network with up to 4G LTE speeds to a 25 mile area. <br>\n<br>\nSri Lanka will be one of the first countries to see project Loon''s balloon-powered Internet. Only 1 in 5 people have access to internet in the country. Google has partnered with local telecommunications companies in Sri Lanka to transmit signal to the balloon network for free. The technology will allow millions of people living in rural areas to get connected to the internet and access social services and education.<br>\n<br>\nSri Lanka with a small population of 22 million and an area of 25,000 square miles that is ideal for a Loon network. If this first deployment goes well, more Loon networks will be launched in other developing countries as well. <br>\n<br>\n"Hopefully in a few months every person and every device on the island will be covered," said Harsha de Silva, Deputy Minister of Policy Planning and Economic Affairs. The connections from the balloons will be "shared, bringing down transmission costs leading to further reductions in cost of service provision," he said.<br>\n', '14442927731444293001.jpg', '', '', 0, 2, 0.5392156862745098);
INSERT INTO `news` (`id`, `heading`, `summary`, `content`, `image`, `video`, `imgtagline`, `parentnewsid`, `image_align`, `image_ratio`) VALUES
(111, 'Top 10 Ranking Start-ups in India', '', 'India is one the fastest growing and the third largest startup ecosystem in the world. According to reports more than 800+ start-ups are being set up annually in the country and by 2020 India will have over 11500 startups employing over 250 K people.<br>\n<br>\nIn the first half of 2015 India has seen investment of $3.5 billion in start-ups in 380 deals, and this scenario is expected to grow in the coming years. Snapshot of the top 10 startups in India as per the site Startup Ranking.<br>\n<br>\nFreshDesk: is a cloud-based customer support platform, that allows organisations to offer customer service support via email, website, social media etc. The company has an easy to use interface, with more than 40,000 customers worldwide.<br>\n<br>\nMyntra:  is one of the biggest online fashion retailer in India with a wide range of products from clothing, accessories to footwear etc. The company was acquired by ecommerce giant flipkart in an estimated Rs 2000 crore deal in 2014.<br>\n<br>\nJabong: Online ecommerce store Jabong offers a wide range of fashion and lifestyle products. The company is valued between $500mln to $800m and offers over 190,000 products from 1,800 brands, ranging from its own labels to well-known international brands.<br>\n<br>\nZomato: Founded in 2008, Zomato is a global restaurant search engine. The company operates in over 22 countries globally and has over 19 million monthly visitors. Zomato has raised over $225 million in funding and is currently valued at over $1 billion.<br>\n<br>\nInfibeam: is an online ecommerce retailer offering over 1.2 Crore products across different categories including books, electronics and lifestyle products. The Ahmedabad based company is looking at a valuation of $1 Billion in its proposed IPO.<br>\n<br>\nHolidayIQ:  is an online holiday information portal powered by user-generated content like reviews, pictures and experiences. The company is valued at $55 million and has over 10 million visitors a month.<br>\n<br>\nBookMyShow: is one of India’s biggest online ticketing site. The company shows details about upcoming movies, events along with show timings, venue details, etc. The site has over 1 billion page views a month, 50 million visits and sells over 6 million tickets a month.<br>\n<br>\nMagzter : is online digital magazine newsstand, offers content from over 2500+ leading publishers and 6000+ magazines. The company has a revenue share model with publishers on magazine sales and has over 26+ million readers.<br>\n<br>\nGoibibo:  is one of the largest online travel aggregator in India, which enables travelers to search, compare and buy air and bus tickets as well as make hotel reservations. The travel aggregator received 465,904 daily page views and has an estimated website traffic worth $1 M in US dollars.<br>\n<br>\nCoupon Duniya : With Times Internet, having acquired a majority stake in Mumbai-based CouponDunia Media Private Limited,  the startup is said to be India’s largest and most popular digital coupon marketplace connecting consumers with retailers and brands. Claims to receive over 2 million+ visits a month and  driving Rs 500 Cr of purchases annually from over 1500 online retailers and brands. The company states its business offering to be a win –win where the customer gets better deals and partner merchants a chance to push their sales and CouponDuniya earning a commission by the partner merchant.', '14443803101444380502.png', '', '', 0, 2, 0.23615635179153094),
(112, '5.6 Million fingerprints stolen by cybercriminals, confirms Office of Personnel Management (OPM), Washington', '', 'The Office of Personnel Management (OPM), Washington has confirmed that hackers have stolen over 5.6 million fingerprints of federal employees in one of the biggest cyber breaches ever. The hackers have also stolen personal information, including address and Social Security numbers of over 21.5 million current and former government employees.<br>\n<br>\nOPM is in the process of notifying everyone affected by the breach. The agency states that it will be providing free identity theft and fraud protection services for the people whose fingerprints were hacked. OPM stated, “If in the future, new means are developed to misuse the fingerprint data, the government will provide additional information to individuals whose fingerprints may have been stolen in this breach.”<br>\n<br>\nAs more smart devices are using biometric sensors like fingerprints for additional security, experts are becoming concerned how cyber criminals may leverage these stolen fingerprints in the future. Theft of biometric data like fingerprints has shook security experts as unlike passwords, fingerprints cannot be changed. Federal experts believe that their is limited potential for “misuse” of the stolen fingerprints as of now, but that could significantly “change over time as technology evolves.”<br>\n<br>\nThe cyber attack on OPM which keeps the US government’s most important personnel records, has been attributed to China by American intelligence agencies, but it remains unclear which group or organization is behind it.', '14443837971444384147.png', '', '', 0, 3, 0.75),
(113, 'Ducere Technologies ‘Lechal’ is the world’s first haptic footwear', '', 'In India, startups are recognizing the opportunity in the sector and wearable tech is expected to become the next big thing. By 2019, India will have an Rs 200 million wearable market. Indian startups have also recently entered the wearable tech industry and are launching new products in the segment.<br>\n<br>\nFounded by Krispian Lawrence and Anirudh Sharma in 2011, Ducere Technologies has created the world’s first haptic footwear that recreates the sense of touch through vibration. The company aims at creating intuitive, unobtrusive and user friendly wearable technology innovations.<br>\n<br>\nHere are the excerpts from an NewzByte interview with the Ducere Technologies team.<br>\n<br>\nQ: What does your company do? Please explain the concept of company/ product?<br>\n<br>\nR: Lechal is the world’s first haptic footwear, and allows hands-free navigation, while tracking your fitness metrics. By pairing with the Lechal app via Bluetooth, users will be able to receive directions via haptic vibrations on their feet. If the wearer needs to turn left, the left side will gently vibrate and so on. Available as an insole or a shoe, the stylish and comfortable smart footwear can be worn like any other, but offers never-before-seen functionality.<br>\n<br>\nThe smart shoes work as a fitness trackers and monitor steps taken, calories burned and distance traveled. Users can also set up fitness goals via the company’s app to track progress and share with friends.<br>\n<br>\nTravelers can discover new destinations and use the smart footwear to tag locations, set destinations and get real-time data on landmarks. Lechal also boasts of unique voice commands and allows you to share your location with other users. The footwear is ideal for groups of families and friends that want to keep track of everyone. For example, if a group is scattered across an amusement park but plans to meet at the same restaurant for dinner, Lechal can provide real-time location data.<br>\n<br>\nQ: What were the challenges and learning in establishing your company?<br>\n<br>\nR: Initially, the biggest challenge was getting people on board, from finding the right talent to finding the right vendors and setting up business partnerships. The R&amp;D phase was a huge learning experience as there aren’t a lot of avenues for innovative product development in India. But over time, as our media profile increased, it helped bringing in more like-minded individuals to us.<br>\n<br>\nQ: Is there any particular TG you follow?<br>\n<br>\nR: Lechal is for everyone – early adopters of wearables, people who like to travel, fitness freaks, runners, design aficionados as well as the fashion-conscious.<br>\n<br>\nQ: Are there any promotional and marketing activities you are doing?<br>\n<br>\nR: Since Lechal has only just hit the market, we will begin a digital marketing campaign shortly. Till date, the focus has been primarily on PR.<br>\n<br>\nQ: What are your expansion plans?<br>\n<br>\nR: Our immediate focus is mass production and distribution of Lechal. We also have other wearable tech products in various stages of development which will enable us to grow a healthy patent portfolio.<br>\n<br>\nQ: What is your business model and the size of your team?<br>\n<br>\nR: We do business in multiple channels – B2C, where we sell directly from our website as well as through distribution partners globally, and B2B, where we partner with organizations that work with the visually-challenged. We have 100 employees and plan to grow considerably in the next few months.', '14443839641444384307.png', '', '', 0, 3, 0.3858695652173913),
(114, 'India gets $30.93 billion in FDI in 2014-15, growth rate revised to 7.4%', '', 'India has received over $30.93 billion in FDI investments in the  fiscal year 2014-15, which is 27% more than last year 2013-14. The Department of Industrial Policy and Planning stated that inflows have jumped by 48% since the launch of PM’s ‘Make in India’ programme in September 2014, compared with an year ago.<br>‌&nbsp;The trade deficit has lowered to $12.5 billion from $12.8 billion in July, primarily because of lower oil imports. In the current financial year, imports have shrunk 11.6% to $168.6 billion and exports have declined 16.2% to $111.1 billion, mainly due to falling global commodity prices and weak domestic demand. The trade deficit has lowered to $12.5 billion from $12.8 billion in July, primarily because of lower oil imports. ', '14443864031444386542.png', '', '', 0, 2, 0.4853801169590643),
(115, '', '', '<span style="font-family: ''Open Sans'', sans-serif; font-size: 15px; line-height: 26.25px;">In the current financial year, imports have shrunk 11.6% to $168.6 billion and exports have declined 16.2% to $111.1 billion, mainly due to falling global commodity prices and weak domestic demand. The trade deficit has lowered to $12.5 billion from $12.8 billion in July, primarily because of lower oil imports. Th</span><strong style="zoom: 1; border: 0px; font-family: ''Open Sans'', sans-serif; font-size: 15px; margin: 0px; outline: 0px; padding: 0px; vertical-align: baseline; line-height: 26.25px;">e Gross Domestic Product (GDP)</strong><span style="font-family: ''Open Sans'', sans-serif; font-size: 15px; line-height: 26.25px;">&nbsp;in India was 7% in the second quarter of 2015 compared with the Q2,2014. Global investors have sold shares worth approx Rs 22,693 crore in August-September this year amidst concerns of US Federal Reserve increasing interest rates and a slowdown in China.</span>', '14443870061444387379.png', '', '', 114, 1, 0.4574314574314574),
(116, '', '', '', '14443870361444387167.png', '', '', 114, 2, 2.079754601226994),
(117, '', '', '<span style="font-family: ''Open Sans'', sans-serif; font-size: 15px; line-height: 26.25px;">India has seen more interest from foreign investors in 2014-15 financial year and with the continuing reforms the economic growth is expected to surpass last year’s 7.3% by a marginal 7.4%.</span>', '14443870891444387378.png', '', '', 114, 3, 0.4773060029282577),
(119, 'Five promising IOT startups in India', '', 'Internet of Things (IOT) is becoming the next big thing with many VC firms investing in the technology. IOT devices are expected to add $1.7 trillion to the global economy by 2019 and are estimatedFive promising IOT startups in India to be double the size of the smartphone, PC, tablet and wearable market combined.<br>\n<br>\nHere is the list of some disruptive IOT startups in India.<br>\n<br>\nCovacsis Technologies :  is a Mumbai-based startup that designs and implements an intellectual plant framework (IPF) for manufacturing industries. The system can obtain data from any appliance installed on the shop floor and allow real-time view of cost, quality and productivity, thereby making it simpler to track the key performance indicators (KPIs) of the business. The company is backed by Reliance, Cisco and Blume Ventures.<br>\n<br>\nAltimetrik: At the core of Altimetric are the 3 global mega trends of Digital, Connected Solutions &amp; Consumer Technologies, which the company leverages to transform business and offer technology solutions to global enterprise customers. The company uses technology as an enabler to offer consultancy on future trends adoption and a serves as a catalyst to make the transformation smooth.<br>\n<br>\nMachineTalk:  allows customers to transform a traditional product or device into a ‘smart’, connected product.  The Bangalore-based startup offers an IoT Platform that includes a Cloud Gateway, Cloud Storage, Big Data Analytics and Visualization features. To build a hardware-based IoT product, customers can plug and play directly in the platform and accelerate their product development, while for an app for IoT, the platform can be used to incorporate more features into the app by leveraging Big Data Analytics.<br>\n<br>\nToymail: has designed special toys, through which people can send a voice message to their children, parents or just about anyone at anytime and from anywhere they like using the Toymail app. It is a great tool for moms to stay connected with their kids, while at work.<br>\n<br>\nLifePlot:  is an electrocardiography diagnosis tool which records data for a basic medical diagnosis. It is the lightest portable electrocardiography (ECG) machine in the world, ideal for travelers. The device, priced at Rs. 40,000, is being used in over 100 medical institutions in India.', '14443878001444388167.png', '', '', 0, 3, 0.8659966499162479),
(120, 'Sodium-ion batteries can power future technology', '', 'Researchers from Purdue University are looking at Sodium as an alternative to lithium powered batteries to meet future technology needs. The team led by Vilas Pol, an Associate Professor of chemical engineering and doctoral students Arthur Dysart and Jialiang Tang at Purdue, state that there is need for new sodium powered batteries as its,  widely available around the world, while Lithium is available in limited quantities and there will be a lithium shortage in the coming years.<br>\n<br>\nThe team is working on replacing the lithium-ion batteries internal components with running sodium counterparts. The one drawback of the sodium-ion batteries is that they are slightly heavier than lithium-ion batteries. The researchers are trying to improve the sodium-ion batteries by using a wide range of customized carbons and their combinations with sodium-alloying materials such as tin and antimony that could potentially double the capacity of the anodes, making it possible to make smaller anodes and reduce the size and weight of the batteries.<br>\n<br>\nSodium-ion batteries can power future technology“The main advantage of sodium-ion batteries is the potential financial benefit,” Dysart said. “Lithium is a very scarce element in the world. We could actually experience a lithium shortage in coming years. Pol added: “Sodium is more abundant and a thousand times cheaper than lithium. It’s even in seawater.”', '14443880851444388542.png', '', '', 0, 3, 0.6226175349428208),
(121, 'New hybrid solar panel that will reduce your energy bills', '', 'Scientists at Brunel University London have designed a new hybrid roofing system that generates five times more energy by harnessing sunlight and heat at the same time. The new-patented system could reduce energy bills in homes.<br>\n<br>\nFor the new solar panels, scientists used a new conductive polymer known as PEDOT, and added layer of “dye-sensitized solar cell” on top of the PEDOT film. Underneath the panel they added a thin pyroelectric film and thermoelectric device capable of converting the heat energy into electricity.<br>\n<br>\nThe process created a 20 percent higher rate of efficiency compared with commercial solar cells. The patented system employs a unique amalgamation of technologies to pre-heat domestic hot water for radiators, baths and showers while also generating electricity that could light small LED bulbs.<br>\n<br>\nResearchers are doing trials of the new roof at the Building Research Establishment (BRE) in Watford where a prototype is being tested for powering a three-bedroom house.<br>\n<br>\nDr Hussam Jouhara of Brunel Institute of Energy Futures, who led the respective British research team, stated that until now there there is no system which fully addresses all the technical and practical issues thereby making an entire building’s roof a solar-powered generator of both heat energy and electrical energy.”<br>\n<br>\nDr Jouhara,said, “Our solar panels are PV coated for the most southerly-facing aspect of the roof and are designed to clip together as a weather-tight roof as simply as clicking together laminate flooring”. He added, “Our flat heat pipes are so efficient that they can actually capture the energy from early morning dew evaporating off the trial roof.”', '14443882171444388487.png', '', '', 0, 3, 0.5033557046979866),
(122, 'Mobile Internet emerging as a key tool for ecommerce sales in India', '', 'With customer preferences shifting to smartphones, mobile internet is emerging as a key tool for ecommerce sales in India and this is giving a strong push to the already thriving mobile games and apps market, estimated to be worth over Rs 2000 crore by 2016, reported by the recently released ICRIER and IAMAI report.  Added to this, the telecom market predicts the number of 3G sim cards to jump from 35 million in 2012 to 272 million by 2017 – all showing that the trend of Mobile Internet and Apps is surely on the upward trajectory.<br>\n<br>\nIndia sees over 100 million downloads every month even though smartphone penetration is less than 20% in the country. Apart from metros, the growth has been driven by growing demand for smartphones in Tier 2 and Tier 3 cities for affordable yet feature rich devices. This all leads to corroborating the research data that Mobile app usage in India has outpaced global app usage in 2015 and seen a rise of 131%, though app usage in South Asia grew at 77% in the same period. Mobile Internet<br>\n<br>\nIt is also projected that India is expected to have over 382 million smartphone users by 2016 making it the second biggest smartphone nation and contributing significantly to App development since Indians; either based abroad or at home, develop ten per cent of Apps worldwide, the market is yet to be tapped.<br>\n<br>\nThe growing popularity of mobile internet and apps in India is further strengthened by the fact that India is among the top five regions for app downloads on Google Play Store. Users in India download apps in the entertainment category the most, that includes Bollywood, cricket, mobile games, music apps, instant messaging apps and social media apps, followed by online shopping and ecommerce sites. A recent release by MoMagic Technologies, a key player in the mobile internet market offering reach, acquisition and analytical data to startups- leading ecommerce players and partners with some of the key OEMs, reflects similar trends:<br>\n<br>\n15% -18% month on month growth in App Installation<br>\n43% of the app installation in mobiles priced between 5000 to 10,000<br>\n64% installations on TOP 5 Indian-Chinese brands and 36% on Global TOP 5 brands<br>\nTier II Cities showing more appetite for growth and potential of further penetration<br>\nGames, Social Networking, Entertainment are the 3 most in demand APPs in Tier II Cites with Utility catching up fast<br>\nFlipkart, Amazon and PayTm are some of the most downloaded e-commerce apps in India. The apps are helping companies reap the benefits of better customer engagement and help retain customers. The strategic moves by players viz, Flipkart-acquired Myntra having gone app-only in May this year and Flipkart too revealing plans of going app only, stating that 70% of its sales come from mobile and online giant Snapdeal sharing that mobile accounts for 75% of its sales is an endorsement of the trends and potential of mobile internet and apps market in India.<br>\n<br>\nMoMagic Technologies targeting mobile -apps and games to connect with consumers has reached the 90 million users milestone in India in a span of 55 months, which includes 75 million smartphone users through OEMs, 12 million users via OTA (over the air) and 3 million users offline. According to a company release, MoMagic has registered 300% y-o-y growth in revenue for FY 2014-2015.<br>\n<br>\nSeeing the potential, recently the Internet and Mobile Association of India (IAMAI) launched Mobile 10X to nurture and grow the apps ecosystem in India. The forum will set up mobile startup hubs, which will train over 500,000 app developers in the next five years and do online mentoring of app developers, making India the biggest App developer community in the world. This is a part of the of the government’s Digital India initiative, for which Rs.1, 000 crores have been set aside for technology startups in the Union Budget 2015-16. And the race for 4G in the telecom sector has begun, all indicating that mobile internet and app market is in for longer innings!', '14443885971444389053.png', '', '', 0, 1, 1.1111111111111112),
(123, 'Researchers invent self-destructing chips to stop Cyber criminals', '', 'Researchers at Xerox PARC have deResearchers invent self-destructing chips to stop Cybercriminalsveloped new self-destructing microchips that can be embedded on glass. The micro-chips are a part of Defense Advanced Research Projects Agency’s Vanishing Programmable Resources project and can explode on command. The aim of the project is to secure personal data from cyber criminals.<br>\n<br>\nThe exploding glass was demonstrated at DARPA’s event in St. Louis earlier in September. The researchers stated that the microchips can be embedded on a hardened glass surface, which can be used to destroy encryption keys stored on memory chips in electronic devices. The chips are meant to provide an additional layer of protection if a device is stolen and there is a chance of sensitive information being hacked by cyber criminals. By destroying the device, hackers will no longer be able to access the data on the stolen device.<br>\n<br>\nGregory Whiting, project’s lead scientist and his team took strengthened glass and used a process called “ion exchange tempering” to toughen the glass from outside. He added that the explosion can be caused by issuing a variety of commands including a voice, photodiode, a radio signal, a laser, or even a mechanical switch.<br>\n<br>\nWhiting stated that, “The applications we are interested in are data security and things like that. We really wanted to come up with a system that was very rapid and compatible with commercial electronics.”', '14443888841444389160.png', '', '', 0, 1, 0.5578635014836796),
(125, 'Samsung says Startups are its “secret ingredient” for innovation', '', 'Electronics giant Samsung says that startups are the secret ingredient that will help the company innovate. The company is working on “cultivating deep relationships” with startups and startup ecosystems globally.Samsung says Startups are its secret sauce<br>\n<br>\nIn a blog post Samsung said that startups are the “secret ingredient” of its innovation. “To evolve its software and service presence, and continue building compelling consumer experiences, [we are] cultivating deep relationships with startup ecosystems in Silicon Valley, New York City, and around the globe,” the company added. It plans to strengthen its relationships with startup ecosystems by 4 key factors, viz: investments, acquisitions, partnerships and its Accelerator programs in San Francisco and New York.<br>\n<br>\nDavid Eun, Samsung’s EVP, Global Innovation Center (GIC), stated, “By working with startups at any stage of development, GIC engages with entrepreneurs in a variety of ways, offering them more opportunities than investments would alone.”<br>\n<br>\nEarlier this month, the South Korean giant had announced its new SmartThings Hub at IFA in Berlin, which it says is the open ecosystem push into the Internet of Things (IoT). Samsung had purchased SmartThings in a $200 million deal in August last year. The company believes IoT will be its next big driver and says that by 2017, 90% of its products will be able to connect to the web.', '14443891541444389445.jpg', '', '', 0, 3, 0.6666666666666666),
(126, 'Harvard Challenge aimed at improving health care', '', 'Harvard Business School in collaboration with Harvard Medical School had announced the Health Acceleration Challenge, in order to come up with innovative ideas to improve health care delivery. The aim of the challenge was to come up with innovative solutions in the health care industry that can be implemented across geographies as well as care delivery systems that can be put into  practice immediately rather than taking years to establish.<br>\n<br>\nHarvard has announced Bloodbuy, I-PASS, Medalogix and Twine Health as the four finalists in the challenge who will share the prize money of $150,000. Each finalist represents a different approach that has been tested in the marketplace. The final winner in the challenge will be announced in April 2016 after the finalists have pursued their dissemination plans for a year and will get an additional $50,000.<br>\n<br>\nThe applicants for the challenge were given five directives, to improve quality, expand health care access while lowering delivery costs, demonstrating real value and the ability to scale to create broader impact. Harvard received over 500 applicants from 29 countries and 43 states for the Health Acceleration Challenge.<br>\n<br>\nOver 60% of the applications were from for-profit companies and 40% were from not-for-profit organizations. The applications were a mix of provider- and patient-facing innovations, clinical and operational solutions. Approximately 370 applications were focused on provider-facing innovations rather than directly addressing to patients. 38% of the provider-facing applications were aimed at innovation in hospital care, 14% in self-care, 10% on tele-medicine, 10% in physician offices, 8% in home health care and 20% in other medical settings.', '14443893451444389793.jpg', '', '', 0, 2, 0.75),
(127, '‘Logi Circle’ to monitor your homes remotely using your smartphones', '', 'Logitech has launched home monitoring system ‘Logi Circle’ that will help users supervise their homes via their smartphones. Logi Circle has a portable camera, which sends a high definition live feed of your home to your smartphone via an Android/iOS app. The portable camera has a 135-degree wide angle view and 8x zoom. It comes with a built-in battery that provides three hours of non-stop streaming.<br>\n<br>\nThe system supports the Logitech cloud service, which saves home feeds of 24 hours for free. Logitech Logi Circle allows you to view recordings via filters as well as display 30-second highlights of the previous day. It comes with Scene Intuition Technology that monitors a home owner’s routine and sends out alerts in case of any deviations. The unique camera is priced at US$200.<br>\n<br>\nThe home security market is expected to grow at a CAGR of 8.7% between 2015-2020 and reach $47,542.52 million by 2020. America is the biggest market for home security solutions while APAC and European markets are opening up to the sector.', '14446503681444650523.png', '', '', 0, 2, 0.5642857142857143),
(128, 'Helpost.com, world’s first local crowd sourced community', '', 'Of late, crowdsourcing has become one of the most innovative ways to launch or market new ideas. The platform helps in bringing startups and investors together and has also been used by companies as well as nonprofit organizations to develop ideas.<br>\n<br>\nGlobally, crowd funding helped raise US $6.1 billion in 2013 and grew over 167% to reach $16.2 billion in 2014. The industry is expected to double in 2015 to reach $34.4 billion.<br>\n<br>\nHelpost_V03Helpost.com is the world’s first local crowd sourced community where users can get information about local accommodation, interest groups, restaurants etc. on a single platform. The company has a strong presence in over 60 countries and has answered over 300,000 queries since its launch.<br>\n<br>\nHere is what Amol Goel, Founder of Helpost, have to say about the visionary startup. (Amol is an alumni of Nottingham Business School, and has worked with renowned international corporations like Audi UK Ltd., Nottingham Forest Football Club and Leo Burnett India before starting Helpost. He has been a startup development consultant and mentored over 50 startups.)<br>\n<br>\nHere are some excerpts from an interview with Amol Goel, Founder Helpost.<br>\n<br>\nQ: What led to the idea behind helpost?<br>\n<br>\nR: As a Marketing Consultant I had to travel extensively and faced problems in finding accommodation, electricians, plumbers, friends, interest groups, restaurants, etc. in different cities. The only tangible solution was to get information from the local people of that city.<br>\n<br>\nThis led to the creation of Helpost, an online ‘Prosocial- professional and social networking platform’ where you can find first hand information from the people around you. Helpost comes from a Finnish word ‘Helposti’, which means easily. Hence Helpost, to make things easy.<br>\n<br>\nQ: How does Helpost work?<br>\n<br>\n R: Users have to register on the website where they can offer their skills with the help of #hashtags. Employers can post jobs in a city with the relevant skills needed in the form of hashtags, and people with those hash tagged skills get an instant notification of the need being arisen. Users can also look directly for people or business in their vicinity by searching with the relevant hashtags and reach out to them via direct messages.<br>\n<br>\nQ: Since its inception, what has been the response / growth graph to date of the company?<br>\n<br>\nR: Helpost has chapters in over 60 cities in various countries and has a strong community of 2,50,000 members, 44,000 Twitter followers and 42000 Facebook followers. Every day we get 2,500 requests on Facebook and over 100 requests on Helpost.com. The website has seen a growth of 20% month to month in users and queries, and 6 times the responses to queries.<br>\n<br>\nQ: What is the innovative tech / marketing edge of Helpost against competitors?<br>\n<br>\n R: Helpost offers a more personal solution to every problem, shared peer to peer. There aren’t many people who provide the exact same method of reaching the solution to a problem, the way Helpost does.<br>\n<br>\nOther platforms like Google, Facebook, Justdial, Quora, Twitter etc., naturally connect people; however we don’t really see anyone as a direct competitor. Google tells you all the things available around you, but Helpost tells you the exact solution through people’s own experience. In the bigger picture we don’t really see a competition; instead we foresee collaborations with other social media sites for growth.<br>\n<br>\nQ: What is the company’s revenue generation model?<br>\n<br>\n R: We have multiple revenue streams in pipeline. First is our B2C platform where we charge businesses a nominal fee to verify and manage their accounts. Second is HELPAY, our unique help wallet where you earn money by helping people.<br>\n<br>\nQ. Any new campaigns / initiatives in the anvil or associated with to drive Helpost?<br>\n<br>\nR: We have run quite a few social activities where we try to engage masses through community building and social awareness. For example, we had recently run our campaign on smarter parking called the #PRINTPASTEPARK. It picked up a lot of traction with hundreds of shares and thousands of views. We have a very strong presence on all social media with a standalone E-Magazine called Helpost READ.<br>\n<br>\nQ: Some insights on the kind of segment Helpost is connected too and aims for and how it’s working towards it.<br>\n<br>\nR: Every digital user who is on social media or has the potential to get on to social media is our target group. We have narrowed down to 20 to 35 year old age group, as they are the main social media influencers.<br>\n<br>\nWe started off with the thought of catering to travelers or newbie’s in a city, but eventually we ended up creating strong city based communities where locals started asking for all sorts of help, from service, to opinion to information. With Helpost we want to make sure that there is not even a single person who is unable to get help at the right time. The platform will open so many new doors as well as opportunities for millions of rural people.<br>\n<br>\nQ: What is Helpost.com aiming for in the horizon of 5-10 years?<br>\n<br>\nR: Helpost plans to cover all Tier 1 cities in India by 2015 end. We plan to engage with 5 Million users in 10 countries, with 1 million registered businesses out of which premium businesses would be over 50,000. We have already started expanding to countries like Africa, and slowly by 2016 we will cover a few more countries in Asia. If we keep scaling at the current speed we will be one of the fastest growing startups by 2018.', '14446507131444650873.jpg', '', '', 0, 2, 0.4799498746867168),
(129, 'Artificial Intelligence startups on the rise', '', 'Artificial or machine learning companies are on the rise, with tech giants like Google, Microsoft, Apple and Facebook all investing in Artificial Intelligence Startups.<br><br>\nVC investment in AIArtificial Intelligence has attracted more than $17 billion in investments since 2009 and $2 billion was invested in 322 companies with Artificial Intelligence -like technology in 2014. Private investment in the Artificial Intelligence sector has been expanding at an average of 62 percent y-o-y for the last four years. In 2014, there has been a jump of 302% in funding for Artificial Intelligence startups.<div><br></div><div><span style="font-family: ''Open Sans'', sans-serif; font-size: 15px; line-height: 26.25px;">Artificial Intelligence covers 5 segments: neuro computers, expert systems, autonomous robots, smart embedded systems and intelligent assistance systems.</span><br></div>', '14446511951444651395.png', '', '', 0, 2, 0.4740566037735849),
(130, '', '', '<p style="zoom: 1; border: 0px; font-family: ''Open Sans'', sans-serif; font-size: 15px; margin-bottom: 1.625em; outline: 0px; padding: 0px; vertical-align: baseline; color: rgb(85, 85, 85); line-height: 26.25px;">Artificial Intelligence covers 5 segments: neuro computers, expert systems, autonomous robots, smart embedded systems and intelligent assistance systems. The industry is predicted to grow at&nbsp;<a href="http://www.bccresearch.com/market-research/instrumentation-and-sensors/smart-machines-market-ias094a.html" style="zoom: 1; border: 0px; font-family: inherit; font-style: inherit; font-weight: inherit; margin: 0px; outline: 0px; padding: 0px; vertical-align: baseline; color: black;">an average of 19.7% to reach US $15.3 billion by 2019</a>.</p><p style="zoom: 1; border: 0px; font-family: ''Open Sans'', sans-serif; font-size: 15px; margin-bottom: 1.625em; outline: 0px; padding: 0px; vertical-align: baseline; color: rgb(85, 85, 85); line-height: 26.25px;">IBM has over 500 patents in Artificial Intelligence and has set aside $100 million for investments in Artificial Intelligence startups. Recently, Google acquired Artificial Intelligence Startup&nbsp;<a href="http://deepmind.com/" style="zoom: 1; border: 0px; font-family: inherit; font-style: inherit; font-weight: inherit; margin: 0px; outline: 0px; padding: 0px; vertical-align: baseline; color: black;">DeepMind</a>&nbsp;for $400 million, while world’s largest social network Facebook has its own dedicated&nbsp;<a href="https://research.facebook.com/ai" style="zoom: 1; border: 0px; font-family: inherit; font-style: inherit; font-weight: inherit; margin: 0px; outline: 0px; padding: 0px; vertical-align: baseline; color: black;">Artificial Intelligence research</a>laboratory. Tech giant&nbsp;<a href="http://www.bloomberg.com/news/articles/2015-10-05/apple-acquires-startup-developing-advanced-ai-for-phones" style="zoom: 1; border: 0px; font-family: inherit; font-style: inherit; font-weight: inherit; margin: 0px; outline: 0px; padding: 0px; vertical-align: baseline; color: black;">Apple acquired secretive deep learning startup Perceptio</a>&nbsp;for an undisclosed amount. Apart from these big names, smaller companies like MobileEye, Marketo and Nidec are also working on Artificial Intelligence technologies.</p><p style="zoom: 1; border: 0px; font-family: ''Open Sans'', sans-serif; font-size: 15px; margin-bottom: 1.625em; outline: 0px; padding: 0px; vertical-align: baseline; color: rgb(85, 85, 85); line-height: 26.25px;">Many startups have jumped into the Artificial Intelligence bandwagon and have raised millions in funding.<a href="http://www.sentient.ai/" style="zoom: 1; border: 0px; font-family: inherit; font-style: inherit; font-weight: inherit; margin: 0px; outline: 0px; padding: 0px; vertical-align: baseline; color: black;">Sentient Technologies</a>&nbsp;which received $103.5 million in its Series C funding in late 2014 bringing the total funding to $143 million, has built the largest intelligent systems in existence.&nbsp;<a href="https://www.metamind.io/" style="zoom: 1; border: 0px; font-family: inherit; font-style: inherit; font-weight: inherit; margin: 0px; outline: 0px; padding: 0px; vertical-align: baseline; color: black;">Metamind</a>&nbsp;backed by Khosla ventures raised $8 million in funding; the company uses deep learning capabilities for image classification. Pune based&nbsp;<a href="http://www.hugefly.com/" style="zoom: 1; border: 0px; font-family: inherit; font-style: inherit; font-weight: inherit; margin: 0px; outline: 0px; padding: 0px; vertical-align: baseline; color: black;">Hugefly</a>&nbsp;has raised an undisclosed amount in funding, the company provides data analytics and pattern recognition techniques to companies.</p><p style="zoom: 1; border: 0px; font-family: ''Open Sans'', sans-serif; font-size: 15px; margin-bottom: 1.625em; outline: 0px; padding: 0px; vertical-align: baseline; color: rgb(85, 85, 85); line-height: 26.25px;">Artificial Intelligence has wide applications in different industries including healthcare with personalized medicine, insurance, cyber crime and security, assisted living as well as e-commerce. Many e-commerce firms like Amazon, Flipkart etc., are already using deep machine learning and Artificial intelligence in areas like Product Recommendation, Intelligent Agent, Voice Powered Search, Visual Search and Image Recognition etc., for targeted marketing.</p><p style="zoom: 1; border: 0px; font-family: ''Open Sans'', sans-serif; font-size: 15px; margin-bottom: 1.625em; outline: 0px; padding: 0px; vertical-align: baseline; color: rgb(85, 85, 85); line-height: 26.25px;">Artificial Intelligence is slated to become one of the most disruptive technologies in IT industry and is expected to see huge growth in the future. The industry is poised for a revolution in Artificial Intelligence technology, be it smart homes, smart devices, online shopping, driverless cars or virtual assistants.</p>', '14446512031444651522.png', '', '', 129, 3, 0.5773672055427251),
(131, 'Big Data, the latest buzzword for businesses !', '', 'Of late, Big Data has emerged as the latest buzzword for businesses looking to get that extra edge in the dynamic market. In fact, 89% business leaders across the globe believe that big data will revolutionize businesses pretty much the same way the internet did. This is evident from a Wikibon survey that suggests that the global Big data market is expected to cross the $ 84 billion revenue mark by 2026, up from $ 27.36 million in 2014, indicating an exponential growth<br>\n<br>\nGlobally across industries, Big Data is being adopted by the financial sector, followed by technology,telecommunications,retail and government sectors among others.<br>\n<br><br>\n48% of companies are using Big Data to understand customer behavior, 21% for operational analytics and 21% for fraud and compliance. Investments are pouring in Big Data from North America, followed by Europe, middle east and Africa. In the Asia/Pacific region Big Data investments have seen a major jump of 106% in the last 2 years. ', '14446515041444651759.png', '', '', 0, 2, 1.2945736434108528),
(132, '', '', '<p style="zoom: 1; border: 0px; font-family: ''Open Sans'', sans-serif; font-size: 15px; margin-bottom: 1.625em; outline: 0px; padding: 0px; vertical-align: baseline; color: rgb(85, 85, 85); line-height: 26.25px;">uggernaut players like&nbsp;<a href="http://www.kdnuggets.com/2014/12/top-10-big-data-companies-revenue.html" style="zoom: 1; border: 0px; font-family: inherit; font-style: inherit; font-weight: inherit; margin: 0px; outline: 0px; padding: 0px; vertical-align: baseline; color: black;">IBM, HP, Dell, SAP, Oracle</a>&nbsp;etc. are investing millions in this particular domain and for all the right reasons. They are increasi<strong style="zoom: 1; border: 0px; font-family: inherit; font-style: inherit; margin: 0px; outline: 0px; padding: 0px; vertical-align: baseline;">ngly relying on the power of data to derive better cost and operational efficiency</strong>&nbsp;and take better decisions to boost their top-lines and bottom-lines,&nbsp; thereby giving them the an edge in the cut-throat market.</p><p style="zoom: 1; border: 0px; font-family: ''Open Sans'', sans-serif; font-size: 15px; margin-bottom: 1.625em; outline: 0px; padding: 0px; vertical-align: baseline; color: rgb(85, 85, 85); line-height: 26.25px;">Then there are companies like&nbsp;<a href="http://www.ambyint.com/" style="zoom: 1; border: 0px; font-family: inherit; font-style: inherit; font-weight: inherit; margin: 0px; outline: 0px; padding: 0px; vertical-align: baseline; color: black;">Ambyint</a>&nbsp;that are taking things a notch higher by combining the power of Internet of Things (IoT) and the business intelligence derived from raw data to offer ‘smart’ and disruptive technologies that can revolutionize the world.There’s a whole world out there waiting to be explored using big data, and this is just the beginning.</p>', '14446516861444651813.png', '', '', 131, 1, 0.39970717423133234),
(133, 'Indian origin researcher invents Foldascope-a folding paper microscope', '', 'Indian origin researcher, Manu Prakash, of Stanford University has invented a new folding paper microscope that costs less than a dollar to manufacture. The microscope dubbed ‘Foldascope’ is printed on a thick paper and can be assembled in origami-style in just a few minutes. Prakash states that the paper, lens and other parts of the microscope cost just 50 cents.<br>\n<br>\nLast year, Prakash and his team had distributed 10,000 Foldscopes to users willing to test them. Many users have been submitting their findings at the Foldscope site, from first-graders looking at banana seeds to investigating tiny insects and more.<br>\n<br>\nEntomologist and science reporter Aaron Pomerantz tested the foldascope in the Peruvian Amazon rainforest and stated in a post, “Long story short, this device is amazing”. He adds, “I was able to investigate tiny insects, mites, fungi and plant cells from 140X (magnification) to 480X.”<br>\n<br>\nPrakash says that Foldscope will be able to help health care workers detect blood-borne illnesses in the field. He stated in a Stanford blog post, “I wanted to make the best possible disease-detection instrument that we could almost distribute for free. What came out of this project is what we call use-and-throw microscopy.” Although the Foldacope is not commercially available yet, Prakash and has team state that they are “working hard to make the microscopes commercially available via a spinoff/startup.”', '14446527851444652899.jpg', '', '', 0, 2, 0.5619174434087882),
(134, 'Emerging markets provide an unparalleled opportunity for app developers', '', 'According to a report from App Annie, emerging markets like Indonesia, Brazil, India, and Mexico have seen a massive growth in downloads and revenue and provide an unparalleled opportunity for app developers. The report is based on market-level app store growth for iOS and Google Play stores.<br>\n<br>\nThe App Annie report reveals that in Q1, 2015; iOS is ahead of Google Play in revenue, however Google Play has seen more downloads. Google Play’s worldwide downloads were 70% higher than the iOS App Store in Q1,2015 and up from 60% in Q3 2014. The main drivers behind Google Play’s growth are emerging markets like Mexico, India, Russia, Indonesia and Brazil. The increase is attributed to first time smartphone users in the emerging countries and the launch of Google’s Android One initiative.<br>\n<br>\niOS App Store’s worldwide revenue was 70% higher than Google Play, up from about 60% in Q3 2014. iOS main revenue can be attributed from Apple’s core markets China and US. China has surpassed US in the number of downloads in Q1, 2015. The main reason for the increase in revenue was the launch of Apple’s flagship iPhone 6 and iPhone 6 Plus smartphones. Check out the complete report from App Annie.', '14446530401444653289.png', '', '', 0, 2, 0.4704724409448819),
(135, 'Innovative apps that are making our life easier', '', 'Companies are creating and launching new innovative apps/products every day. There are multiple apps for messaging, exercising, shopping etc. that have an impact on our daily lives. In this article we are discussing some innovative apps/tech that has made our lives much simpler.<br>\n<br>Taxi Apps<br>\n<br>\nTaxi apps like Uber/Ola have definitely made our life a lot easier. Want to catch a cab or late for a meeting just check in the app and get the nearest cab around in minutes. No more haggling for price or finding change, everything is online and deducted automatically from a linked credit card or bank account ensuring a hassle free experience.<br>\n<br>\nWearables/Fitness Apps<br>\n<br>\nFitness apps like Google Fit, Mi Fit keep a track of our fitness goals, while monitoring our daily activity level, sleep cycles etc. Ideal for fitness conscious people, the apps sends daily reminders and notifications to help achieve personal health goals and stay fit in our busy schedules.<br>\n<br>\nFood Tech<br>\n<br>\nFood tech has become a multi-million dollar industry with new ventures coming out every day. Food aggregator sites like Faasos, Tinyowl, Cyberchef, Biteclub etc. which offer a revolving menu, wider choices, have definitely made lives easier for bachelors and working couples.<br>\n<br>\nN-commerce<br>\n<br>\nN-commerce has become a big thing these days, apps like Lazylad, Peppertap, Grofers etc. make sure you get access to your everyday staples without any hassle. You can place orders for your everyday needs, like groceries via an online app and have them delivered at your doorstep in a pre-scheduled time saving time instead for things that you really love to do.', '14446533991444653565.png', '', '', 0, 2, 0.29136690647482016),
(136, 'Digital, Social and Mobile stats for India, 2015 by wearesocial.net', '', 'The We Are Social’s new Digital, Social and Mobile in 2015 report -data points explain the immense potential and market in India in the Digital, Social and Mobile arena that is yet to be tapped!<br>\n<br>\nThe report that has stats for 240+ countries and profiling 30 of the world’s biggest economies in detail is supposedly the most comprehensive, concise and free compendium of up-to-date digital statistics.<br>\n<br>\nSome highlights of the India centric data:<br>\n<br>\nTotal Population: 1265 M (urbanization 31%)<br>\nActive Internet Users: 243 M (penetration 19%)<br>\nActive Social Media Accounts: 118 M (penetration 9%)<br>\nMobile Connections: 946 M (vs. population 75%)<br>\nActive Mobile Social Accounts: 100M (penetration 8%)<br>\nPercentage of the mobile subscriptions that are broadband (3G &amp; 4G): 11%<br>\nPercentage of the population using social media apps on mobile: 10%<br>\nShare of the webpage views- mobile phone: 72%<br>\nShare of the webpage views – desktops and laptops: 27%<br>\nTop Active social platforms:  Whatsapp: 11%  ; Facebook Messenger: 9%; Facebook: 8% ; Skype: 8% ; Google+: 7% ; Twitter: 6% ; WECHAT: 5% ; LinkedIn: 5% ; Pinterest: 4% and Viber: 4%<br>\nAll the above data and many more in the report when analyzed carefully, lead to the understanding and clarity that mobile internet penetration is yet far from reality in India but very much an important and logical way to go for any marketer keeping the global trends in mind. The data also messages that it cannot be a completely either or approach. Digital India requires many infrastructural and localized –regional aspects to be taken into consideration and mobilization awareness at the ground level.', '14449879861444988259.jpg', '', '', 0, 3, 0.7507836990595611);
INSERT INTO `news` (`id`, `heading`, `summary`, `content`, `image`, `video`, `imgtagline`, `parentnewsid`, `image_align`, `image_ratio`) VALUES
(137, '‘The Travelling Boutique’ will make your trip memorable', '', 'The Travelling Boutique (TTB) is a one-stop shop for travelers and aims to provide a unique retail experience with merchandise that meets customers, every travel need. It offers a diverse range of products, for all travelers, whether you want to go for a business trip or a family vacation or just a trip with friends, TTB has something for you.<br>\n<br>\nThe Travelling Boutique, started in February 2015 by two friends Paran Sheth and Pooja Parikh. Since its launch TTB has already completed more than 100 retail and corporate orders. The company plans to diversify into children as well as luxury sectors in the next few months. Also expand and manufacture its own products.<br>\n<br>\nWith the massive growth in the Indian travel industry, TTP has a huge potential. According to a recent report, the travel and tourism sector will contribute Rs. 8.22 trillion to GDP and 37.4 million jobs by 2015 end. The growth is driven by visa reforms, and infrastructure improvements under the new government. More and more travelers are utilizing budget deals, airfare sales etc. to travel.<br>\n<br>\nThe company says, “Our aim is to find and give a traveler everything he/she would need to make their travels smooth. That’s where our journey began to become a holistic market place that covers brands, price points and categories of travel accessories that any globetrotter would require. Not quite there yet, but definitely on our way! We want to be every traveler’s online travel accessory store”.', '14449882941444988659.png', '', '', 0, 1, 0.5885714285714285),
(138, 'Lasers a danger to self drive cars', '', 'Security researchers have warned that a modified, low-cost laser could create ghost like objects in the path of autonomous cars, making them slow down and stop completely.<br>\n<br>\nJonathan Petit, principal scientist at software company Security Innovation, demonstrated that by using a simple laser pen and a pulse generator, anyone could create phantom objects like cars, buildings, people etc. and stop the self driven cars. The homemade device costs just $40 to make.<br>\n<br>\nSelf-driving vehicles come with a LIDAR (Light Detection and Ranging) system to detect potential roadblocks. These LADAR systems use lasers, mounted on top of the cars to detect what’s nearby. Researchers state that by sending false data to the system, anyone can confuse the cars and stop them. Dr Petit says that this type of vulnerability should be a sort of wake-up call to self-driving car makers.<br>\n<br>\n“If a self-driving car has poor inputs, it will make poor driving decisions. I can spoof thousands of objects and basically carry out a denial of service attack on the tracking system so it’s not able to track real objects.” Dr Petit told IEEE Spectrum. “I can take echoes of a fake car and put them at any location I want,” he added.<br>\n<br>\nJonathan Petit had written the paper while he was a research fellow at the University of Cork’s computer security group. He will be presenting the findings at the upcoming Black Hat Europe conference in November.', '14449885051444988933.jpg', '', '', 0, 1, 0.6655737704918033),
(140, 'Indian Retail market to see major restructuring', '', 'The Indian retail market is estimated to be a $350 billion market and grocery accounts for over 70% of the total. Online sales in FMCG and grocery are expected to account for 5% of total sales by 2020. In the last 18 months over 100 food grocery startups have launched in the country and nearly 80% have raised funds.<br>\n<br>\nBigBasket has emerged as one of the biggest players in the online food and grocery space. The Bangalore based company has raised over $50 million in a Series C funding. It has over 5,00,000 customers across 27 cities in India and services nearly 20000 orders a day. The company is looking for major expansion in Tier 2 cities and has earmarked nearly Rs 100 Crore for marketing in 2015-2016.<br>\n<br>\nGurgaon based Peppertap has raised $36 million in funding led by Snapdeal and has raised over $47 million till date. It is on the verge of closing another $20 million funding in the next few weeks, according to its founder. The company operates in over 18 cities and services nearly 25000 plus orders a day. Peppertap plans to expand to 75 cities across India by year end. The company is planning to invest in technology and supply chain to improve its services over the next few months.<br>\n<br>\nHyperlocal service Grofers has raised over $45 million from existing investors Tiger Global and Sequoia Capital. It operates in 25 cities and gets 30,000 orders a day. Grofers delivers groceries, bakery items, fresh fruits &amp; vegetables, personal care and baby care products and much more via its app and promises delivery in just 90 minutes. The company is expanding aggressively and is currently in talks with SoftBank to raise another $100 million in funding.<br>\n<br>\nMumbai based LocalBanya raised over $20 million in funding in 2014. The company has currently stopped taking orders on its website as has stated that it is currently upgrading its technology and service. According to reports LocalBanya is planning to raise another $35-40 million by the end of the fiscal year.<br>\n<br>\nThe Indian online retail industry is still in the nascent stage and is expected to grow 20%-30% annually. However, startups in this space are operating at a margin of just 10%-15% and providing huge discounts in order to acquire customers. The Indian Retail market will see a major restructuring and consolidation in the next couple of years.', '14449888341444989223.png', '', '', 0, 2, 0.9154228855721394),
(141, 'Food Tech startups rake in big money', '', 'Estimated as a $50 billion market, with 16% y-o-y growth the food tech industry is touted to be the next big thing. Globally, a total of over $1.2 billion has been invested across multiple deals in the food tech space.<br>\n<br>\nNew food-restaurant aggregator sites, food search and discovery platforms as well as companies targeting the segment -food logistics are cropping up globally. The food -tech sites are a boon for the young working generation who don’t have the time to cook or go shopping for their food every day and prefer to enjoy multiple cuisines while sitting at home or at their office.<br>\n<br>\nUS based food tech companies Sprig, SpoonRocket, Munchery, Blue Apron and Plated have seen amazing success in the last few years. US based Munchery has an estimated valuation of $180 million, while Blue Apron is valued at over $500 million. Just Eat an online search and delivery food platform is valued at $2.44 billion.<br>\n<br>\nIn India, the food tech industry is still at a nascent stage and is expected to grow 15 times the current market size. The food business is estimated to be worth $48 billion, while food delivery is valued at $15 billion. Some of the major players in the restaurant search and discovery are Zomato and FoodPanda, which have over 1 Lakh restaurants listed on their platform. Zomato has raised a total of $225 million funding and Foodpanda has raised over $310 million from investors.<br>\n<br>\nFood aggregator sites Faasos, Yumist, Spoonjoy, Swiggy and TinyOwl have also received substantial VC funding. Faasos has raised over $20 million in funding, Swiggy has received a funding of $16.5 million, while TinyOwl and Yumist have each raised $1 million in funding.<br>\n<br>\nThe food tech industry is expected to grow exponentially over the next few years. However, with so many startups coming up in the space, there is an increased competition with companies giving more discounts and cutting prices for customer acquisition. Believe, over the next year, the food tech industry is expected to see a lot of consolidation and churning. Startups will need the right mix of creativity, innovation and business acumen to sustain and be profitable in the long run.', '14449890411444989433.jpg', '', '', 0, 3, 0.6612903225806451),
(142, 'HP unveils myriad of gaming-specific computing products', '', 'Hewlett Packard, the technology focused American giant has announced a dozen PC products specifically meant for hardcore gamers. This follows post the news of the company’s future split [HP will be segregated into 2 different companies come November] which will directly coincide with its nascent partnership program.<br>\n<br>\nHP Unveils a Myriad of Gaming-Specific Computing ProductsUsing the cutting edge most updated chips from Intel and MS Windows 10, these new highly awaited HP products include the likes of a gaming notebook and high premium PCs.<br>\n<br>\n“Serious gamers want high-end performance that delivers truly amazing experiences in a package with edgy designs but at a price point that does not break the bank,” said Kevin Frost who is the general manager of consumer personal systems in a press release.<br>\n<br>\nBoasting a 15.6-inch screen, the new and improved HP Pavilion Gaming notebook comes equipped with graphics chips from Nvidia Corp. It is valued at $899.99. Via Windows 10, users can now get first hand access to the Game Streaming option present in the Xbox application which will allow them to bask in the glory of their Xbox One games on their HP Pavilion Gaming notebook anytime-anywhere in their homes as reported in bizjournals.com', '14449892091444989359.png', '', '', 0, 2, 0.38954869358669836),
(143, 'India’s rise as a startup and investors destination!', '', 'India’s rise as a startup and investor destination in 2014-2015 and the continued momentum in 2015-16, is primarily due to the increased interest from investors and a wave of entrepreneurship all across. One of the biggest investments is from Taiwan’s Foxconn which has committed to invest $5 billion to set up R&amp;D and manufacturing plants over the next five years in the country. Global smartphone manufacturers like Samsung, Gionee and Xiaomi are setting up their manufacturing plants in the country. Apart from these many international players like GM, Siemens, First Solar etc, have sent proposals worth US $ 16.56 billion in the last year to the government to set up their manufacturing plants in the country. These new ventures will bring opportunities of employment too in the country. For example, the Foxconn’s project which is stated to provide 1 million jobs in India by 2020.To further improve employment opportunities, Google and PayTM have partnered with IAMAI and have launched the Mobile 10X program. Under this initiative the companies will partner to set up centers all across India and provide training to over 5,00,000 mobile app developers in the next five years.<br>\n<br>\nIn the first half of 2015 India received over $31 billion in foreign investment, scoring over countries like China and US. India saw $3 billion more investments than China, which received $28 billion in FDI and over $4 billion more than the US which has $27 billion FDI in the first half of 2015. UNCTAD’s World Investment Report 2015, states that FDI investments have surged 22% in the country during 2014, taking India to the 9th spot globally.<br>\n<br>\nThe positivity and rise in sentiments to an extent is also the resultant of the recent announcements by the Government’s such as: relaxed investment norms and promised infrastructure developments encouraging foreign investors along with launch of initiatives like ‘Digital India’ and ‘Make in India’. Added to all, the recently announced report by NASSCOM, which states India to be the fastest growing and third largest start-up ecosystem in the world after the U.S. and the U.K and total no of startup to grow from 3,100 to 11,500 by the end of 2020 can also be looked at as a key reason for adding up to increased investor interest. India having emerged as the fastest growing startup ecosystem is reported to have received over $3.5 billion in investments in the first half of 2015, which is double of last year.<br>\n<br>\nInternational players are also looking at investing in startups; recently global giant Qualcomm has announced a $150 million venture capital fund for Indian startup companies. Overall, India received over $1.9 billion venture capital funds and $5.1 billion in private equity funds in the first half of 2015. Initiatives like Nasscom’s 10,000 startups are playing a role of catalysts and in mentoring of  startups to scale up with the setting up of warehouses.<br>\n<br>\nAll these factors have for sure accelerated the pace of growth of the startup ecosystem in the country. The country has seen an improvement in world indexes like the Global Competitiveness Index compiled by World Economic Forum, where it has jumped 16 places to reach the 55th spot, ending its five year decline. Other emerging countries have either seen a decline or stagnation in the report. China, one of the biggest competitive economies is in 28th place, same as last year due to global economic slowdown. Bangalore has emerged as one of the fastest moving start-up cities globally, according to the latest Startup Genome report.', '14449893691444989756.gif', '', '', 0, 1, 0.9485148514851485),
(144, 'Bitcoin, gaining traction globally', '', 'Bitcoin is said to become a mainstream digital currency for doing financial transactions, globally. The Global Bitcoin Technology Market is estimated to grow at a CAGR of 7.26% in the next five years. Bitcoin surpasses the need for intermediaries or third parties while making financial transactions, leading to lesser transaction fees as well as multi-mode payment methods to users. The block chain technology allows users to record and make secure transactions on an instantaneous basis, replacing the more costly and tedious processes.<br>\n<br>\nBy the end of this financial year mobile banking users will exceed 1 billion, leading to many banks and financial institutes turning to Bitcoin technology for secure transactions. Some of the foremost names in the financial sector have invested $30 million in Chain Inc, Including NASDAQ Inc, Citi Ventures, Visa, Capital One Financial Corp., Orange SA and Fiserv Inc.<br>\n<br>\nIndia is forecasted to become one of the largest Bitcoin markets; however the bitcoin revolution is still in the nascent stage in the country. Bangalore based Unocoin is one of the first bitcoin companies in India. The company has 3000 registered users and claims that 150,000 wallets have been downloaded. Zebpay is another prominent startup, which offers a mobile bitcon wallet to make transactions via mobile numbers. The Ahmedabad based startup has raised $2 million in a second round of funding earlier this year. The company has over 2000 users in India.<br>\n<br>\nPopular bitcoin wallet and exchange Coinbase is also eyeing operations in India. The company already offers its services in 26 countries globally and plans to expand to 40 countries soon. However, the lack of knowledge has been hindering adoption of the technology in India. RBI has been slow to adapt bitcoin and has also warned about the danger of cyber threat with the tech. It is expected that as more and more startups and new technology comes up, awareness will be created and more users will start adopting Bitcoin in India', '14449894451444989589.jpg', '', '', 0, 2, 0.5615384615384615),
(145, 'Retail giants and ecommerce, betting big time on Indian market', '', 'Global e-commerce sales are expected to reach $3.5 trillion over the next five years and internet will account for 7.3% of all global retail sales this year. By 2019 online sales are expected to double and reach $3.551 trillion, or 12.4% of total retail sales of $28.550 trillion.<br>\n<br>\nAsia-Pacific market is growing faster than any other global market at a rate of 35.2% year over year and is estimated to have $875 billion in online sales in 2015. The Indian e-commerce market which is just 1% of China is expected to expand to $16 billion by 2016 providing a huge opportunity to vendors.<br>\n<br>\nRetail giants and ecommerce ‘biggies’ are betting big time on Indian market such as Walmart announcing its plans to spend $2 Billion over the next two years in e-commerce, to compete with Amazon Inc. The company has also revealed its plans to open 500 retail stores over the next five years and establish its online presence in India.  Amazon India which entered the Indian market in 2013, crossed the $2 billion sales mark in the country in less than 2 years after it started its operations. Flipkart is aiming for $5 billion in sales by the end of March 2016, while Snapdeal is expected to reach $3 billion in online sales by March next year. Flipkart owned Myntra plans to sell goods worth $1 billion by March 2016.<br>\n<br>\nChina’s largest e-commerce company, Alibaba.com has pledged an investment of $10-billion in India over the next few years. Apart from global players industry leaders like Azim Premji and Ratan Tata are also investing in e-commerce companies.<br>\n<br>\nIndia e-commerce market has a lot of potential for growth as more consumers shift to smartphones. Online shoppers are expected to increase to 100 million in 2016 and over 200 million new customers are expected to switch to e-commerce over the next two years as smartphone penetration increases in the country. Over 50 million shoppers are expected to be added from Tier 1 and Tier 2 cities. With more and more people shifting to online buying there is a huge opportunity for retailers as well as e-commerce companies.', '14449898721444990370.png', '', '', 0, 1, 0.6854838709677419),
(146, 'India joins SKA – a 10 nation team, to design the world’s largest radio telescope', '', 'Another feather in the cap of Indian scientists – India now formally joins the Square Kilometre Array (SKA) project to design the world’s largest radio telescope.<br>\n<br>\nNot only will SKA be the largest, but will also be the most sensitive and fastest telescope in the world. It is not a single telescope, but an array of multiple antennas spread over thousands of kilometers across two continents – Australia and South Africa. It will be tens of times more sensitive and hundreds of times faster at mapping the sky, against any other facility of present times.<br>\n<br>\nThe SKA will combine signals from thousands of small antennas of two types: Parabolic antenna that can receive low frequency signals and dipole antenna that can receive high frequency signals. Together these antennas will simulate a single, highly sensitive, mammoth radio telescope.<br>\n<br>\nAccording to the website of the SKA, this project is designed to answer fundamental questions of science and about the laws of nature, such as: how did the Universe, and the stars and galaxies contained in it, form and evolve? Was Einstein’s theory of relativity correct? What is the nature of ‘dark matter’ and ‘dark energy’? What is the origin of cosmic magnetism? Is there life somewhere else in the Universe?<br>\n<br>\nIndia has been involved in SKA since many years, but on Monday, 5th October 2015, R.K.Sinha, the secretary of the Indian Department of Atomic Energy (DAE), formally joined 9 other nations by signing the documents on behalf of the Government of India, in the presence of Professor Philip Diamond, Director General of the SKA Project. The event was held in Mumbai and was marked by the presence of dignitaries from SKA – UK, scientists and officials from the DAE (and DST) and scientists from various research organizations in India.<br>\n<br>\nThe National Centre for Radio Astrophysics (NCRA-TIFR) in Pune will be the nodal institute for overseeing SKA related activities within India.<br>\n<br>\nLed by UK based SKA Organization (SKAO), this project has participation from Australia, Canada, China, Italy, the Netherlands, New Zealand, South Africa, and Sweden. Construction of Phase 1 is scheduled from 2018 to 2023, and early operations are to begin in 2020.<br>\n<br>\nProf. Yashwant Gupta of NCRA, Principal Investigator for the SKA related effort in India, said “At present, Indian scientists are leading one of the ten design work packages for the SKA, the Telescope Manager, which will be the brain and nervous system controlling the entire SKA observatory.', '14452324871445232730.jpg', '', '', 0, 2, 0.5628865979381443),
(147, 'IISc. students design Eco-friendly helicopter, win coveted International Award', '', 'Team Lakshya, comprising of four students from Indian Institute of Science (IIsc.), Bangalore designed an innovative four-blade small helicopter (a quad-rotor) that derives power from the vibrations of its blades. The team won the prestigious ‘Best New Entry – Graduate’ award at the Student Design Competition conducted by the American Helicopter Society International in association with other major helicopter companies<br>\n<br>\nIISc. brought glory to India the very first time it participated in this tough competition being held in US since the last 32 years. Needless to mention that the team was pitched against prominent colleges of America. Various academic as well as industry experts are on the Jury to judge this competition. The difficult specifications of the challenge were:<br>\n<br>\nTo design a small helicopter that could be used in urban settings to deliver packages as heavy as 10 kgs<br>\nThe helicopter should be Eco-friendly, both in terms of environment and noise pollution, hence (i) it should function with minimal carbon foot print, and (ii) the noise level should be lower than the prescribed limit<br>\nTeam Lakshya met this challenge by using a technology that partly powered their quad-rotor with the energy extracted from the oscillations of its own blades, leaving a lower carbon footprint even when compared to those powered only by fossil fuels. Rajnish Mallick, the team leader said, “It is indeed a proud moment and a wonderful experience to be recognized by the world’s most renowned vertical flight society,”<br>\n<br>\nWhat is interesting is that this technology is developed by IISc.’s Non Linear Multi functional Composites Analysis and Design (NMCAD) Laboratory of the Aerospace Department. IISc is in the process of patenting this technology. In June 2015, the team that developed this technology won the championship in Hamburg, Germany at the UNESCO–Airbus biennial innovation challenge, “Fly Your Ideas (FYI)”.', '14452326631445232786.jpg', '', '', 0, 2, 0.5895953757225434),
(148, 'this is to test latest changes by jaspal', '', 'asdfased asdf asdf&nbsp;', '', '', '', 0, 3, 0),
(149, 'HEading test 1', '', 'Content', '', '', '', 0, 2, 0),
(150, 'Test3', '', 'asdasd', '', '', '', 0, 2, 0),
(151, 'Test 5', '', 'content test', '', '', '', 0, 2, 0),
(152, 'test 5', '', 'sada', '', '', '', 0, 2, 0),
(153, 'test', '', 'test', '', '', '', 0, 2, 0),
(154, 'test', '', 'test', '', '', '', 0, 2, 0),
(155, 'test', '', 'estse', '', '', '', 0, 2, 0),
(156, 'test', '', 'test', '', '', '', 0, 2, 0),
(157, 'test', '', 'test', '', '', '', 0, 2, 0),
(158, 'test', '', 'tes', '', '', '', 0, 2, 0),
(159, 'test', '', 'test', '', '', '', 0, 2, 0),
(160, 'asdf', '', 'asdf', '', '', '', 0, 2, 0),
(161, 'sdfg', '', 'sdfg', '', '', '', 0, 2, 0),
(162, 'safdaf', '', 'asfsdaf', '', '', '', 0, 2, 0),
(163, 'hgfgfdgdc', '', 'kjghjygjhg', '', '', '', 0, 2, 0),
(164, 'startup', '', 'hjghjgfhf', '', '', '', 0, 2, 0),
(165, 'hmghjg', '', 'hjghjghj', '', '', '', 0, 2, 0);

-- --------------------------------------------------------

--
-- Table structure for table `newscatmapping`
--

CREATE TABLE IF NOT EXISTS `newscatmapping` (
  `id` int(11) NOT NULL AUTO_INCREMENT,
  `newsid` int(11) NOT NULL,
  `catid` int(11) NOT NULL,
  `clientid` int(11) NOT NULL,
  PRIMARY KEY (`id`)
) ENGINE=MyISAM DEFAULT CHARSET=utf8 COLLATE=utf8_unicode_ci AUTO_INCREMENT=1 ;

-- --------------------------------------------------------

--
-- Table structure for table `newsdetail`
--

CREATE TABLE IF NOT EXISTS `newsdetail` (
  `id` int(11) NOT NULL AUTO_INCREMENT,
  `catid` int(11) NOT NULL,
  `newsid` int(11) NOT NULL,
  `datetime` datetime NOT NULL,
  `reporterid` int(11) NOT NULL,
  `approvedbyadminid` int(11) NOT NULL DEFAULT '0',
  `isactive` int(11) NOT NULL DEFAULT '0',
  `isimportant` tinyint(4) NOT NULL DEFAULT '0',
  `sources` text COLLATE utf8_unicode_ci NOT NULL,
  `sharelink` text COLLATE utf8_unicode_ci NOT NULL,
  PRIMARY KEY (`id`)
) ENGINE=InnoDB  DEFAULT CHARSET=utf8 COLLATE=utf8_unicode_ci AUTO_INCREMENT=146 ;

--
-- Dumping data for table `newsdetail`
--

INSERT INTO `newsdetail` (`id`, `catid`, `newsid`, `datetime`, `reporterid`, `approvedbyadminid`, `isactive`, `isimportant`, `sources`, `sharelink`) VALUES
(57, 83, 71, '2015-09-14 21:07:01', 31, 0, 0, 0, 'http://www.bizjournals.com', ''),
(58, 83, 72, '2015-09-14 21:08:22', 31, 0, 0, 0, 'http://www.bizjournals.com', ''),
(59, 83, 73, '2015-09-14 21:11:51', 32, 0, 0, 0, 'http://www.bizjournals.com', ''),
(61, 83, 75, '2015-09-14 21:15:57', 13, 13, 1, 0, 'http://www.bizjournals.com', ''),
(62, 85, 76, '2015-09-14 21:19:20', 13, 13, 1, 0, 'http://articles.economictimes.indiatimes.com', ''),
(63, 86, 77, '2015-09-14 21:29:11', 13, 13, 1, 0, '', ''),
(64, 85, 78, '2015-09-14 21:34:53', 13, 13, 1, 0, '', ''),
(68, 83, 82, '2015-09-14 22:07:05', 13, 13, 1, 0, 'http://phys.org/news', ''),
(70, 84, 84, '2015-09-14 22:54:28', 13, 13, 1, 0, 'www.statista.com', ''),
(71, 83, 85, '2015-09-14 23:12:19', 13, 13, 1, 0, 'http://www.technewsworld.com/', ''),
(73, 83, 87, '2015-09-18 11:37:14', 13, 13, 1, 0, 'httpː//kce.ac.in', ''),
(75, 83, 89, '2015-09-18 11:49:19', 13, 13, 1, 0, 'CNN', ''),
(76, 85, 90, '2015-09-18 11:53:19', 13, 13, 1, 0, 'www.hottopics.ht', ''),
(77, 83, 91, '2015-09-19 11:42:30', 13, 13, 1, 0, 'Washington Post', ''),
(78, 85, 92, '2015-09-19 11:48:11', 13, 13, 1, 0, '', ''),
(79, 85, 93, '2015-09-21 17:22:49', 13, 13, 1, 0, 'BookMyForex', ''),
(80, 83, 94, '2015-09-21 17:34:03', 13, 13, 1, 0, 'www.washingtonpost.com', ''),
(81, 84, 95, '2015-09-21 17:39:32', 13, 13, 1, 0, 'App Annie', ''),
(82, 85, 96, '2015-09-21 17:43:28', 13, 13, 1, 0, '', ''),
(83, 85, 97, '2015-09-21 17:50:31', 13, 13, 1, 0, 'Huffington Post', ''),
(84, 85, 98, '2015-09-21 17:58:11', 13, 13, 1, 0, 'Bizjournals', ''),
(85, 83, 99, '2015-09-21 18:02:17', 13, 13, 1, 0, '', ''),
(87, 83, 101, '2015-09-24 13:12:41', 13, 13, 1, 0, 'Kickstarter', ''),
(88, 83, 102, '2015-09-24 13:15:21', 13, 13, 1, 0, 'Technewsworld', ''),
(90, 85, 104, '2015-09-24 13:35:24', 13, 13, 1, 0, '', ''),
(91, 84, 105, '2015-09-25 11:46:59', 13, 13, 1, 0, 'Dazeinfo', ''),
(92, 83, 107, '2015-10-08 07:28:01', 13, 13, 1, 0, 'Georgia Tech', ''),
(93, 83, 108, '2015-10-08 07:33:42', 13, 13, 1, 0, 'TechNewsWorld', ''),
(94, 83, 109, '2015-10-08 08:20:04', 13, 13, 1, 0, 'Phys.org', ''),
(95, 83, 110, '2015-10-08 08:26:21', 13, 13, 1, 0, 'HuffingtonPost', ''),
(96, 85, 111, '2015-10-09 08:45:40', 13, 13, 1, 0, 'Startup Ranking', ''),
(97, 83, 112, '2015-10-09 09:43:57', 13, 13, 1, 0, 'The Washington Post', ''),
(98, 85, 113, '2015-10-09 09:53:39', 13, 13, 1, 0, 'Newzbyte, Ducere Technologies', ''),
(99, 84, 114, '2015-10-09 10:38:26', 13, 13, 1, 0, 'ET, The Hindu', ''),
(101, 85, 119, '2015-10-09 10:50:42', 13, 13, 1, 0, 'newzbyte.in', ''),
(102, 83, 120, '2015-10-09 10:54:51', 13, 13, 1, 0, 'Phys.org', ''),
(103, 83, 121, '2015-10-09 10:57:03', 13, 13, 1, 0, 'Phys.org', ''),
(104, 83, 122, '2015-10-09 11:04:29', 13, 13, 1, 0, 'ET Tech, Business Standard, IAMAI, MoMagic', ''),
(105, 83, 123, '2015-10-09 11:08:09', 13, 13, 1, 0, 'TechNewsWorld', ''),
(107, 85, 125, '2015-10-09 11:13:27', 13, 13, 1, 0, 'VentureBeat', ''),
(108, 83, 126, '2015-10-09 11:15:49', 13, 13, 1, 0, 'hbs.edu,hbr.org', ''),
(109, 83, 127, '2015-10-12 11:46:16', 13, 13, 1, 0, 'marketsandmarkets.com<br>‌technewsworld.com<br>‌blog.logitech.com', ''),
(110, 85, 128, '2015-10-12 11:52:09', 13, 13, 1, 0, 'Newzbyte, Helpost, Crowdsourcing.org', ''),
(111, 84, 129, '2015-10-12 12:01:25', 13, 13, 1, 0, 'opusresearch.net<br>‌venturebeat.com<br>‌edtechmagazine.com', ''),
(112, 83, 131, '2015-10-12 12:11:13', 13, 13, 1, 0, 'forbes.com<br>‌softwarestratergiesblog.com<br>‌kdnuggets.com<br>‌Ambyint', ''),
(113, 83, 133, '2015-10-12 12:26:48', 13, 13, 1, 0, 'CNN', ''),
(114, 84, 134, '2015-10-12 12:31:06', 13, 13, 1, 0, 'Apple Annie', ''),
(115, 83, 135, '2015-10-12 12:36:57', 13, 13, 1, 0, 'newzbyte.in', ''),
(116, 83, 136, '2015-10-16 09:33:55', 13, 13, 1, 0, 'wearesocial.net', ''),
(117, 83, 137, '2015-10-16 09:38:19', 13, 13, 1, 0, 'NewzByte', ''),
(118, 83, 138, '2015-10-16 09:41:53', 13, 13, 1, 0, 'Washington Post,business-standard.com', ''),
(120, 84, 140, '2015-10-16 09:48:49', 13, 13, 1, 0, 'Slideshare,timesofindia.indiatimes.com,economictimes.indiatimes.com', ''),
(121, 85, 141, '2015-10-16 09:50:47', 13, 13, 1, 0, 'business-standard.com,slideshare.net,IBEF,Yourstory', ''),
(122, 83, 142, '2015-10-16 09:53:36', 13, 13, 1, 0, 'Bizjournals.com', ''),
(123, 84, 143, '2015-10-16 09:56:22', 13, 13, 1, 0, 'World Economic Forum,Your Story Research,ibef.org,LiveMint,IAMAI,The Hindu', ''),
(124, 84, 144, '2015-10-16 09:59:08', 13, 13, 1, 0, 'marketwatch.com', ''),
(125, 84, 145, '2015-10-16 10:04:37', 13, 13, 1, 0, 'WSJ,envisionecommerce.com', ''),
(126, 83, 146, '2015-10-19 05:28:26', 13, 13, 1, 0, 'skatelescope.org', ''),
(127, 83, 147, '2015-10-19 05:32:02', 13, 13, 1, 0, 'The Hindu', ''),
(128, 83, 148, '2015-11-02 12:33:13', 13, 13, 1, 0, 'a sdfa sd', 'https://www.facebook.com'),
(129, 83, 149, '2015-11-01 12:44:34', 13, 13, 1, 0, 'www.sorce.com', 'www.google.com'),
(130, 83, 150, '2015-10-30 14:20:52', 13, 13, 1, 0, 'asdas', 'share.com'),
(131, 83, 151, '2015-10-29 14:54:41', 13, 13, 1, 0, 'abc', 'www.abc.com'),
(132, 83, 152, '2015-10-28 14:55:16', 13, 13, 1, 0, 'asda', 'adsfa'),
(133, 83, 153, '2015-10-11 15:00:14', 13, 13, 1, 0, '', 'http://newstest2.tk/administrator'),
(134, 83, 154, '2015-11-02 15:05:52', 13, 13, 1, 0, 'stet', 'http://localhost/test.php'),
(135, 83, 155, '2015-10-27 15:12:37', 13, 13, 1, 0, '', 'http://localhost/test.php'),
(136, 84, 156, '2015-10-22 15:14:24', 13, 13, 1, 0, '', 'http://localhost/test.php'),
(137, 83, 157, '2015-10-27 15:16:47', 13, 13, 1, 0, '', 'http://localhost/delhinewsserver/delhi-newsci/administrator/news'),
(138, 83, 158, '2015-11-02 15:18:49', 13, 13, 1, 0, '', 'http://localhost/test.php'),
(139, 84, 159, '2015-11-02 15:20:45', 13, 13, 1, 0, '', 'http://g.co/searchconsole'),
(140, 83, 160, '2015-10-26 15:21:50', 13, 13, 1, 0, '', 'https://www.facebook.com'),
(141, 83, 161, '2015-10-26 15:22:15', 13, 13, 1, 0, '', 'https://www.facebook.com'),
(142, 83, 162, '2015-10-26 15:26:22', 13, 13, 1, 0, 'asdfsd', 'sdfsdf'),
(143, 83, 163, '2015-10-22 15:28:18', 13, 13, 1, 0, 'hjgjhgh', 'kjhjgjg'),
(144, 85, 164, '2015-10-31 15:34:18', 13, 13, 1, 0, 'hjgjhg', 'hjgjhg'),
(145, 84, 165, '2015-10-31 15:44:17', 13, 13, 1, 0, '', 'jhjg');

-- --------------------------------------------------------

--
-- Table structure for table `publicmessage`
--

CREATE TABLE IF NOT EXISTS `publicmessage` (
  `id` int(11) NOT NULL AUTO_INCREMENT,
  `image` text COLLATE utf8_unicode_ci NOT NULL,
  `text` text COLLATE utf8_unicode_ci NOT NULL,
  `date` date NOT NULL,
  `type` int(11) NOT NULL,
  `clientid` int(11) NOT NULL,
  PRIMARY KEY (`id`)
) ENGINE=MyISAM  DEFAULT CHARSET=utf8 COLLATE=utf8_unicode_ci AUTO_INCREMENT=18 ;

--
-- Dumping data for table `publicmessage`
--

INSERT INTO `publicmessage` (`id`, `image`, `text`, `date`, `type`, `clientid`) VALUES
(1, '14296156191429615852.jpg', 'Congratulation Himanshu on you achivement ', '2015-04-24', 2, 2),
(2, '14296157971429616039.jpg', 'Mr. anand is died yesturday we are so said to hiere abiut', '2015-04-23', 1, 2),
(3, '', 'हनुमानगढ़। प्रकाश कौर (धर्मपत्नी स्व. स. गुरलाल सिंह मान) का स्वर्गवास 12 मई को हो गया। उनकी आत्मिक शांति हेतु अखण्ड पाठ का भोग एवं अंतिम अरदास 17 मई को दोपहर 12.30 बजे श्री गुरुद्वारा सिंह सभा हनुमानगढ़ जंक्शन में होगी। \n\nलालगढ़ जाटान। श्रीमती तेज कौर (धर्मपत्नी स्व. कपूर सिंह सिधू) का स्वर्गवास 8 मई को हो गया। उनकी आत्मिक शांति हेतु सहज पाठ का भोग एवं अंतिम अरदास 17 मई को दोपहर 12 बजे गांव चक केरा में होगी।\nगजसिंहपुर। स. नरेन्द्र सिंह शेरगिल(सांप काटे का इलाज करने वाले) को स्वर्गवास 9 मई को हो गया। उनकी आत्मिक शांति हेतु पाठ का भोग एवं अंतिम अरदास 17 मई को दोपहर 12 बजे गुरुद्वारा सिंह सभा, गजसिंहपुर में होगी। \n\nभीमसैन सहारण की माता का निधन\nनेतेवाला। ग्राम सेवा सहकारी समिति लाधूवाला के उपाध्यक्ष पद पर कार्यरत भीमसैन सहारण की माता श्रीमती पल्ली देवी (72) धर्मपत्नी चौ. ओमप्रकाश सहारण का निधन हो गया। वे अपने पीछे भरा-पूरा परिवार छोड़कर गई है। इनके दाह संस्कार में गांव सहित आस-पास के गण्यमान्य लोग शामिल हुए।', '2015-05-17', 1, 2),
(4, '14318826491431882904.tif', 'नागपाल बन्धुओं को मातृशोक\nश्रीगंगानगर। जेके लक्ष्मी सीमेन्ट के सैल्स प्रमोटर प्रवीण ट्रैडिंग कम्पनी वाले प्रवीण नागपाल एवं निरमैक्स सीमेन्ट के सैल्स प्रमोटर श्री सरस्वती डिस्टीब्यूटर्स वाले राजीव नागपाल की माता सरस्वती देवी(74) का रविवार को सायं 5 बजे निधन हो गया। वे काफी समय से अस्वस्थ थीं। सरस्वती देवी अपने पीछे दो पुत्रों व तीन पुत्रियों का भरा-पूरा परिवार छोड़ गई हैं। उनकी अंतिम यात्रा सोमवार को प्रात: 11 बजे 12 न्यू विनोबा बस्ती रामलीला मैदान के पीछे, श्रीगंगानगर से पदमपुर मार्ग स्थित कल्याण भूमि के लिए रवाना होगी। ', '2015-05-18', 1, 2),
(5, '', 'पदमपुर। वार्ड नं. 8 निवासी चिमन खरेश का आकस्मिक निधन हो गया है। वे रवि खरेश के पिता थे। मिलनसार छवि के चिमन खरेश के निधन पर हर वर्ग ने गहरा दु:ख व्यक्त करते हुए संवदेनाएं प्रकट की। इनकी रस्म पगड़ी 24 मई को होगी। \n', '2015-05-18', 1, 2),
(6, '', 'नेतेवाला। श्रीमती पल्लीदेवी (72) पत्नी चौ.ओमप्रकाा सहारण का स्वर्गवास 13 मई को हो गया। उनकी आत्मिक शांति हेतु ग्यारहवां एवं गरुड़ पुराण पाठ का भोग 23 मई 2015, शनिवार को गांव लाधूवाला में दोपहर 2 बजे पड़ेगा। \nश्रीगंगानगर। सरदारनी जंगीर कौर (धर्मपत्नी स. डिप्टी सिंह बराड़) का स्वर्गवास 11 मई को हो गया। उनकी आत्मिक शांति हेतु सहज पाठ का भोग 20 मई को दोपहर 12.30 बजे चक 22 जैड श्रीगंगानगर पर होगा।', '2015-05-18', 1, 2),
(7, '', 'श्रीविजयनगर। श्रीमती गणेशी देवी (धर्मपत्नी स्व. श्री ठाकरराम गिला) का स्वर्गवास 16 मई को हो गया। उनकी आत्मिक शांति हेतु पानीढाल(खर्च) 20 मई को गिल फार्म हाउस चक 5 जेकेएम तह. रायसिंहनगर में होगा। \n', '2015-05-19', 1, 2),
(8, '', 'सियागांवाली। स. जलौर सिंह वांदर(पुत्र स.मोहन सिंह वांदर) का स्वर्गवास 10 मई को हो गया। उनकी आत्मिक शांति हेतु सहज पाठ का भोग व अंतिम अरदास 19 मई को गुरुद्वारा साहिब गांव अक्कांवाली में सम्पन्न होगी। \n', '2015-05-19', 1, 2),
(9, '', 'फकीरवाली। श्रीमती जगीर कौर (धर्मपत्नी स्व. गुरबक्श सिंह) का स्वर्गवास 11 मई को हो गया। उनकी आत्मिक शांति हेतु पाठ का भोग व अंतिम अरदास 20 मई को दोपहर 12.30 बजे निवास स्थान 2 पीएस पर होगा। ', '2015-05-19', 1, 2),
(10, '', 'श्रीगंगानगर। जंगीर कौर (धर्मपत्नी स. डिप्टी सिंह बराड़) का स्वर्गवास 11 मई को हो गया। उनकी आत्मिक शांति हेतु सहजपाठ का भोग 20 मई बुधवार को दोपहर 12.30 बजे चक 22 जैड श्रीगंगानगर में सम्पन्न होगा। \nफकीरवाली। जगीर कौर(धर्मपत्नी स्व. गुरबक्श सिंह) का स्वर्गवास 11 मई को हो गया। उनकी आत्मिक शांति हेतु पाठ का भोग व अंतिम अरदास 20 मई को दोपहर 12.30 बजे गांव 2पीएस पर होगा। \nगुरमेल सिंह का निधन संस्कार  आज\nश्रीगंगानगर। शिक्षक संघ (अम्बेडकर) के पूर्व प्रदेशाध्यक्ष गुरमेल सिंह का मंगलवार सुबह आस्था हॉस्पीटल में निधन हो गया। इनका अंतिम संस्कार बुधवार को सुबह 11 बजे पदमपुर रोड़  स्थित शमशान भूमि में होगा। अंतिम यात्रा उनके निवास स्थान सुरजीत सिंह कॉलोनी गली नं. 2 से रवाना होगी। ', '2015-05-20', 1, 2),
(11, '14346273451434627513.png', 'died. very sad. just to make it large enough.', '2015-06-30', 1, 2),
(12, '14346273831434627828.jpg', 'died. very sad. just to make it large enough.', '2015-06-30', 1, 2),
(13, '14346273921434627524.jpg', 'died. very sad. just to make it large enough.', '2015-06-30', 1, 2),
(14, '14346274021434627587.png', 'died. very sad. just to make it large enough.', '2015-06-30', 1, 2),
(15, '14346274371434627805.jpg', 'Congratulations man. Bravo and these are compliments for your success.', '2015-06-30', 2, 2),
(16, '14346274461434627902.jpg', 'Congratulations man. Bravo and these are compliments for your success.', '2015-06-30', 2, 2),
(17, '14346274531434627662.jpg', 'Congratulations man. Bravo and these are compliments for your success.', '2015-06-30', 2, 2);

-- --------------------------------------------------------

--
-- Table structure for table `states`
--

CREATE TABLE IF NOT EXISTS `states` (
  `id` int(11) NOT NULL AUTO_INCREMENT,
  `name` text COLLATE utf8_unicode_ci NOT NULL,
  PRIMARY KEY (`id`)
) ENGINE=InnoDB  DEFAULT CHARSET=utf8 COLLATE=utf8_unicode_ci AUTO_INCREMENT=3 ;

--
-- Dumping data for table `states`
--

INSERT INTO `states` (`id`, `name`) VALUES
(1, 'Rajasthan'),
(2, 'Madhya Pradesh');

-- --------------------------------------------------------

--
-- Table structure for table `suggestions`
--

CREATE TABLE IF NOT EXISTS `suggestions` (
  `id` int(11) NOT NULL AUTO_INCREMENT,
  `clientid` int(11) NOT NULL,
  `content` text COLLATE utf8_unicode_ci NOT NULL,
  `name` text COLLATE utf8_unicode_ci NOT NULL,
  `contact_detail` text COLLATE utf8_unicode_ci NOT NULL,
  `device_uid` text COLLATE utf8_unicode_ci NOT NULL,
  `datetime` timestamp NOT NULL DEFAULT CURRENT_TIMESTAMP,
  PRIMARY KEY (`id`)
) ENGINE=InnoDB DEFAULT CHARSET=utf8 COLLATE=utf8_unicode_ci AUTO_INCREMENT=1 ;

-- --------------------------------------------------------

--
-- Table structure for table `user`
--

CREATE TABLE IF NOT EXISTS `user` (
  `id` int(11) NOT NULL AUTO_INCREMENT,
  `usertype` int(11) NOT NULL,
  `parentid` int(11) NOT NULL,
  `userinfo` int(11) NOT NULL,
  `clientid` int(11) NOT NULL,
  `isactive` int(11) NOT NULL DEFAULT '0',
  PRIMARY KEY (`id`)
) ENGINE=InnoDB  DEFAULT CHARSET=utf8 COLLATE=utf8_unicode_ci AUTO_INCREMENT=18 ;

--
-- Dumping data for table `user`
--

INSERT INTO `user` (`id`, `usertype`, `parentid`, `userinfo`, `clientid`, `isactive`) VALUES
(1, 1, 0, 1, 1, 1),
(2, 2, 1, 2, 2, 1),
(3, 3, 2, 3, 2, 1),
(4, 3, 2, 4, 2, 1),
(5, 2, 1, 5, 1, 0),
(6, 3, 5, 6, 1, 0),
(7, 3, 5, 7, 1, 0),
(9, 2, 1, 9, 1, 1),
(10, 2, 1, 10, 1, 1),
(11, 1, 0, 11, 2, 1),
(12, 3, 11, 12, 2, 1),
(13, 1, 0, 13, 4, 1),
(14, 2, 13, 14, 4, 0),
(15, 2, 13, 27, 4, 0),
(16, 2, 13, 31, 4, 0),
(17, 2, 13, 32, 4, 1);

-- --------------------------------------------------------

--
-- Table structure for table `userinfo`
--

CREATE TABLE IF NOT EXISTS `userinfo` (
  `id` int(11) NOT NULL AUTO_INCREMENT,
  `name` text COLLATE utf8_unicode_ci NOT NULL,
  `dob` date NOT NULL,
  `username` varchar(250) COLLATE utf8_unicode_ci NOT NULL,
  `password` text COLLATE utf8_unicode_ci NOT NULL,
  `email` text COLLATE utf8_unicode_ci NOT NULL,
  `contact` text COLLATE utf8_unicode_ci NOT NULL,
  `address` text COLLATE utf8_unicode_ci NOT NULL,
  `areacode` int(11) NOT NULL,
  PRIMARY KEY (`id`),
  UNIQUE KEY `username` (`username`)
) ENGINE=InnoDB  DEFAULT CHARSET=utf8 COLLATE=utf8_unicode_ci AUTO_INCREMENT=33 ;

--
-- Dumping data for table `userinfo`
--

INSERT INTO `userinfo` (`id`, `name`, `dob`, `username`, `password`, `email`, `contact`, `address`, `areacode`) VALUES
(1, 'Jaspal Singh', '1992-07-29', 'jaspal.singh', '5f4dcc3b5aa765d61d8327deb882cf99', 'jaspal.s@xercesblue.in', '7891384482', 'shiv colony', 1),
(2, 'Vikas Sharma', '2015-02-26', 'vikas.sharma', '5f4dcc3b5aa765d61d8327deb882cf99', 'vikas.s@xercesblue.in', '9782908308', 'purani abadi', 2),
(3, 'Sushil Solanki', '2015-03-05', 'sushil.solanki', '5f4dcc3b5aa765d61d8327deb882cf99', 'sushil.s@xercesblue.in', '9638529635', 'lalgarh', 3),
(4, 'Abhinav Bherav', '2015-03-03', 'abhinav.bherav', '5f4dcc3b5aa765d61d8327deb882cf99', 'abhinav.b@xercesblue.in', '7538521589', 'company', 4),
(5, 'karni singh', '2015-03-02', 'karni.singh', '5f4dcc3b5aa765d61d8327deb882cf99', 'karni.s@xercesblue.in', '4587458965', 'company', 5),
(6, 'pankaj kumar', '2015-03-08', 'pankaj.kumar', '5f4dcc3b5aa765d61d8327deb882cf99', 'pankaj.k@xercesblue.in', '2525363584', 'company', 6),
(7, 'hitesh tantia', '2015-03-21', 'hitesh.tantia', '5f4dcc3b5aa765d61d8327deb882cf99', 'hitesh.t@xercesblue.in', '7474858596', 'company', 6),
(8, 'abhinav', '2015-03-19', 'abhinav', 'ba1d63b653b24a565ed436a0cfc5b3c9', '', '9782908308', '', 1),
(9, 'vikas', '2015-03-20', 'vikas', '34a873df827cb961493373aa317d2147', '', '9782908308', '', 0),
(10, 'test', '2015-06-04', 'testuser', '5f4dcc3b5aa765d61d8327deb882cf99', 'test@user.com', '7575757589', '3rd shiv colony', 1),
(11, 'SEEMA SANDESH', '0000-00-00', 'ss_admin', '5f4dcc3b5aa765d61d8327deb882cf99', '', '', '', 1),
(12, 'ss reporter', '2015-05-13', 'ss_reporter', '5f4dcc3b5aa765d61d8327deb882cf99', 'reporter@ss.in', '9999999999', '3rd shiv colony', 1),
(13, 'Ruchika', '1989-01-01', 'nt5testuser', '5f4dcc3b5aa765d61d8327deb882cf99', '', '', 'maharashtra', 0),
(14, 'Shivani', '2015-09-14', 'shivani', 'ea7fd144f2edb73362f531981ed1d6c8', 'sdasasf', '81762893709', '', 0),
(27, 'Shivani Srivastva', '2015-09-14', '', 'd41d8cd98f00b204e9800998ecf8427e', '', '', '', 0),
(31, 'Shivani Srivastva', '2015-09-14', 'shivani123', '16a729caaab66c55e6800ab111f32ed4', '', '', '', 0),
(32, 'Shivani', '2015-09-14', 'testuser9', '5f4dcc3b5aa765d61d8327deb882cf99', '', '', 'asdasdas', 0);

-- --------------------------------------------------------

--
-- Table structure for table `usertype`
--

CREATE TABLE IF NOT EXISTS `usertype` (
  `id` int(11) NOT NULL AUTO_INCREMENT,
  `type` text COLLATE utf8_unicode_ci NOT NULL,
  `description` text COLLATE utf8_unicode_ci NOT NULL,
  PRIMARY KEY (`id`)
) ENGINE=InnoDB  DEFAULT CHARSET=utf8 COLLATE=utf8_unicode_ci AUTO_INCREMENT=4 ;

--
-- Dumping data for table `usertype`
--

INSERT INTO `usertype` (`id`, `type`, `description`) VALUES
(1, 'superAdmin', 'This the It Admin of the company!'),
(2, 'admin', 'This is Editor of newspaper company, depending of areas'),
(3, 'reporter', 'this is reporter under admin');

/*!40101 SET CHARACTER_SET_CLIENT=@OLD_CHARACTER_SET_CLIENT */;
/*!40101 SET CHARACTER_SET_RESULTS=@OLD_CHARACTER_SET_RESULTS */;
/*!40101 SET COLLATION_CONNECTION=@OLD_COLLATION_CONNECTION */;
