-- phpMyAdmin SQL Dump
-- version 4.0.10.7
-- http://www.phpmyadmin.net
--
-- Host: localhost:3306
-- Generation Time: May 28, 2016 at 09:48 AM
-- Server version: 5.5.40-36.1
-- PHP Version: 5.4.31

SET SQL_MODE = "NO_AUTO_VALUE_ON_ZERO";
SET time_zone = "+00:00";


/*!40101 SET @OLD_CHARACTER_SET_CLIENT=@@CHARACTER_SET_CLIENT */;
/*!40101 SET @OLD_CHARACTER_SET_RESULTS=@@CHARACTER_SET_RESULTS */;
/*!40101 SET @OLD_COLLATION_CONNECTION=@@COLLATION_CONNECTION */;
/*!40101 SET NAMES utf8 */;

--
-- Database: `xbnewqlk_docDB`
--

-- --------------------------------------------------------

--
-- Table structure for table `advt`
--

CREATE TABLE IF NOT EXISTS `advt` (
  `id` int(11) NOT NULL AUTO_INCREMENT,
  `txt` text COLLATE utf8_unicode_ci NOT NULL,
  `image` text COLLATE utf8_unicode_ci NOT NULL,
  `url` text COLLATE utf8_unicode_ci NOT NULL,
  PRIMARY KEY (`id`)
) ENGINE=MyISAM  DEFAULT CHARSET=utf8 COLLATE=utf8_unicode_ci AUTO_INCREMENT=13 ;

-- --------------------------------------------------------

--
-- Table structure for table `appointment_person`
--

CREATE TABLE IF NOT EXISTS `appointment_person` (
  `id` int(11) NOT NULL AUTO_INCREMENT,
  `doc_id` int(11) NOT NULL,
  `name` text COLLATE utf8_unicode_ci NOT NULL,
  `contact` text COLLATE utf8_unicode_ci NOT NULL,
  PRIMARY KEY (`id`)
) ENGINE=InnoDB  DEFAULT CHARSET=utf8 COLLATE=utf8_unicode_ci AUTO_INCREMENT=492 ;

--
-- Dumping data for table `appointment_person`
--

INSERT INTO `appointment_person` (`id`, `doc_id`, `name`, `contact`) VALUES
(59, 17, 'HARI SINGH', '9828460762'),
(60, 17, 'HOSPITAL', '01542442082'),
(67, 41, 'SUNITA', '01542460722'),
(70, 13, 'ANKIT', '9694928920'),
(74, 42, 'BALVINDER', '01542466244'),
(78, 12, 'GAGANDEEP', '9782727787'),
(85, 3, 'Dr. Sanjeev Jindal', '0154-2460899'),
(96, 44, 'HOSPITAL', '0154-2470555'),
(97, 1, 'CHAMAN ', '9928245886'),
(98, 1, 'CHAMAN', '9462895614'),
(102, 46, 'HOSPITAL', '0154-2970000'),
(105, 14, 'DR NEERAJ MITTAL', '9829906025'),
(111, 32, 'MAHESH', '9571845222'),
(114, 23, 'MAHESH', '9571845222'),
(138, 25, 'RAJNI', '9351716380'),
(139, 25, 'HOSPITAL', '01542460460'),
(140, 25, 'HOSPITAL', '01542460560'),
(151, 56, 'DR ATUL AGGARWAL', '9887677927'),
(156, 58, 'RADHY SHYAM', '9982892828'),
(157, 5, 'Raman Makkar', '9636445401'),
(160, 60, 'ROHINI', '94162987993'),
(161, 61, 'SATISH KUMAR', '9829758855'),
(162, 62, 'SOMESH MIDDHA', '9414246414'),
(168, 40, 'RECEPTIONIST', '9460988661'),
(169, 40, 'hospital', '0154-2475661'),
(179, 52, 'DR ANAJLI', '9521862919'),
(185, 68, 'BABBAL JEET', '0154-2460566'),
(192, 36, 'DR GOVIND KANT', '9414332999'),
(199, 70, 'DR NISHESH BATRA', '9461569823'),
(200, 71, 'DR NISHESH BATRA', '9461569823'),
(201, 71, 'DR NISHESH BATRA', '9785330005'),
(204, 72, 'SUNITA', '01542474011'),
(205, 72, 'ARCHANA', '9460395414'),
(209, 75, 'DR KIRAN GARG', '9461078899'),
(228, 27, 'HOSPITAL', '01542461888'),
(231, 2, 'Rajender ', '0154-2465055'),
(232, 47, 'ADITYA', '9414332266'),
(233, 48, 'ADITYA', '9414332266'),
(234, 76, 'RECEPTION', '0154-2464230'),
(236, 64, 'DR C.P. AGGARWAL', '9462177055'),
(237, 39, 'Mrs INDU SHARMA', '154-2474700'),
(240, 51, 'RAKESH KALYANA', '9983091520'),
(242, 73, 'DR SUNITA GUPTA', '9413229247'),
(243, 30, 'SUMESH MIDDHA', '9414246414'),
(244, 37, 'VEENA CHHABRA', '0154-2464230'),
(254, 79, 'KAPIL KUKNA', '9352346405'),
(256, 80, 'SURENDER WADHWA', '9414536174'),
(260, 49, 'RECEPTIONIST', '01542485004'),
(262, 55, 'RECEPTIONIST', '0154-2485004'),
(263, 74, 'RECEPTION', '01542460859'),
(276, 54, 'MAHESH', '9571845222'),
(277, 83, 'HOSPITAL', '01542471477'),
(284, 84, 'CHANCHAL', '9530396333'),
(285, 85, 'SANJEEV', '9530395333'),
(289, 20, 'RAJENDER KUMAR', '9461900007'),
(295, 50, 'DR DIVIJ', '8239044122'),
(296, 86, 'DR R.K. THAREJA', '9414087838'),
(297, 86, 'HOSPITAL', '0154-2471838'),
(298, 87, 'HOSPITAL', '0154-2471838'),
(300, 88, 'VIKASH', '9468758634'),
(307, 26, 'AMAR ARORA', '9782655237'),
(308, 26, 'HOSPITAL', '01542462102'),
(309, 38, 'BALVINDER', '7597589589'),
(311, 57, 'BALVINDER', '7610023010'),
(314, 24, 'SANJAY GAIDER', '8946824898'),
(315, 90, 'RAJESH', '9783974265'),
(325, 82, 'RECEPTION', '01542475569'),
(328, 94, 'JASRAJ', '9636700292'),
(330, 95, 'JASRAJ', '9636700292'),
(336, 28, 'HOSPITAL', '0154-2471852'),
(337, 28, 'HOSPITAL', '0154-2471853'),
(338, 81, 'DR ADITYA', '9587033069'),
(341, 66, 'ARUN', '9460858290'),
(342, 19, 'AMIR CHAND', '8560801422'),
(343, 19, 'HOSPITAL', '01542463860'),
(345, 53, 'RECEPTIONIST', '0154-2475661'),
(346, 65, 'ANIL', '7737222784'),
(347, 67, 'ANIL', '7737222784'),
(351, 21, 'SANDEEP SAIN', '9571372808'),
(356, 93, 'DR ASHISH SETHI', '9782035055'),
(362, 4, 'Gayanjeet singh', '9799352691'),
(364, 103, 'VED PRAKASH', '856144080'),
(366, 105, 'VP LOONA', '9414376693'),
(369, 108, 'SUNITA', '0154  2462463'),
(373, 107, 'GOVIND RAM', '7742500222'),
(376, 63, 'ARSHAD ALI', '7597994786'),
(379, 91, 'SIMRAN', '01542464222'),
(380, 91, 'VICKY', '9929346942'),
(381, 91, 'OM', '9414210323'),
(382, 109, 'MR GOVIND RAM', '7742500222'),
(385, 110, 'MR. GANESH KUMAR', '8854942065'),
(386, 111, 'BALKAR', '9351481186'),
(387, 112, 'DR NEETU JINDAL', '9929854146'),
(388, 100, 'SANTOSH', '8432588693'),
(389, 33, 'DR SUNIL BENIWAL', '9214556002'),
(393, 98, 'LEELADHAR', '9509643377'),
(394, 106, 'VICKY', '9929346942'),
(396, 114, 'RECEPTION', '0154 2460966'),
(397, 115, 'RAMESH', '9413576399'),
(399, 117, 'DR. R.P. BANASIA', '9214350177'),
(400, 101, 'DR GIRI S.R.', '9414088266'),
(401, 89, 'HOSPITAL', '0154-2463342'),
(402, 96, 'HOSPITAL', '0154-2463342'),
(404, 118, 'RECEPTION', '0154 2481629'),
(405, 78, 'JASVINDER', '0154-2462600'),
(406, 78, 'SADAAM', '9829525257'),
(407, 69, 'KAPIL KUKANA', '9352346405'),
(409, 15, 'LAKHVINDER SINGH', '9782556616'),
(410, 99, 'DR MANISH CHHABRA', '8947919338'),
(411, 102, 'DR MANISH', '8947919338'),
(430, 92, 'RECEPTIONIST', '01542481505'),
(460, 16, 'PINKY', '9828074191'),
(461, 16, 'PRIYA', '9351299186'),
(463, 120, 'HOSPITAL', '0154-2472724'),
(464, 120, 'HOSPITAL', '0154-2481505'),
(467, 121, 'HOSPITAL', '0154-2481505'),
(470, 119, 'RECEPTION', '0154-2472724'),
(473, 125, 'HOSPITAL', '01509222332'),
(474, 125, 'HOSPITAL', '01509222352'),
(477, 124, 'DR JAGJEET SINGH', '9829675893'),
(478, 124, 'HOSPITAL', '01509220430'),
(481, 126, 'HOSPITAL', '0154-2463909'),
(482, 126, 'HOSPITAL', '0154-2462211'),
(483, 18, 'HOSPITAL', '01634234228'),
(484, 113, 'HOSPITAL', '0154-2460996'),
(487, 35, 'ATUL AGGARWAL', '9887677927'),
(488, 43, 'DR SATYAM SHARMA', '9929980176'),
(491, 116, 'DR.SANDEEP KUMAWAT', '9530015071');

-- --------------------------------------------------------

--
-- Table structure for table `city`
--

CREATE TABLE IF NOT EXISTS `city` (
  `id` int(11) NOT NULL AUTO_INCREMENT,
  `name` text COLLATE utf8_unicode_ci NOT NULL,
  `state_id` int(11) NOT NULL,
  `pincode` int(11) NOT NULL,
  PRIMARY KEY (`id`),
  UNIQUE KEY `pincode` (`pincode`)
) ENGINE=InnoDB  DEFAULT CHARSET=utf8 COLLATE=utf8_unicode_ci AUTO_INCREMENT=9 ;

--
-- Dumping data for table `city`
--

INSERT INTO `city` (`id`, `name`, `state_id`, `pincode`) VALUES
(1, 'Sri Ganganagar', 19, 335001),
(7, 'SURATGARH', 19, 335804),
(8, 'ABOHAR', 18, 15216);

-- --------------------------------------------------------

--
-- Table structure for table `clinic_image`
--

CREATE TABLE IF NOT EXISTS `clinic_image` (
  `id` int(11) NOT NULL AUTO_INCREMENT,
  `image` text COLLATE utf8_unicode_ci NOT NULL,
  `doc_id` int(11) NOT NULL,
  PRIMARY KEY (`id`)
) ENGINE=InnoDB  DEFAULT CHARSET=utf8 COLLATE=utf8_unicode_ci AUTO_INCREMENT=563 ;

--
-- Dumping data for table `clinic_image`
--

INSERT INTO `clinic_image` (`id`, `image`, `doc_id`) VALUES
(3, '14394707231439471038.jpg', 3),
(4, '14394707251439471115.jpg', 3),
(5, '14394707271439470880.jpg', 3),
(6, '14394707291439471039.jpg', 3),
(7, '14394707311439470987.jpg', 3),
(8, '14394727131439473102.jpg', 4),
(9, '14394727151439473046.jpg', 4),
(10, '14394727171439472915.jpg', 4),
(11, '14394742731439474591.jpg', 5),
(12, '14394742751439474455.jpg', 5),
(13, '14394742771439474673.jpg', 5),
(26, '14395368891439537187.JPG', 9),
(27, '14395368911439537034.JPG', 9),
(28, '14395368941439537071.JPG', 9),
(29, '14395368961439537299.JPG', 9),
(45, '14395406681439541040.JPG', 12),
(46, '14395406701439540989.JPG', 12),
(47, '14395406711439541085.JPG', 12),
(48, '14395406731439540998.JPG', 12),
(49, '14395406751439540875.JPG', 12),
(61, '14395491551439549452.JPG', 21),
(62, '14395491561439549256.JPG', 21),
(63, '14395491581439549581.JPG', 21),
(64, '14395491591439549533.JPG', 21),
(65, '14395491611439549574.JPG', 21),
(66, '14395532421439553430.jpg', 22),
(68, '14395532451439553453.jpg', 22),
(69, '14395532481439553542.jpg', 22),
(70, '14395532501439553640.jpg', 22),
(71, '14397052031439705470.jpg', 2),
(72, '14397052781439705452.jpg', 2),
(73, '14397052791439705602.jpg', 2),
(74, '14397052811439705769.jpg', 2),
(75, '14397065331439706848.jpg', 24),
(76, '14397065351439706751.jpg', 24),
(77, '14397065361439706933.jpg', 24),
(79, '14397079121439708197.jpg', 1),
(80, '14397079141439708308.jpg', 1),
(81, '14397079171439708126.jpg', 1),
(82, '14397079191439708200.jpg', 1),
(83, '14397223411439722479.jpg', 13),
(84, '14397256961439726028.jpg', 26),
(85, '14397257181439726147.jpg', 26),
(86, '14397257201439726189.jpg', 26),
(87, '14397257231439725878.jpg', 26),
(88, '14397257251439726015.jpg', 26),
(94, '14398275121439827988.JPG', 15),
(95, '14398275141439828008.JPG', 15),
(96, '14398275151439827981.JPG', 15),
(97, '14398275161439827774.JPG', 15),
(98, '14398275171439828009.JPG', 15),
(99, '14398294441439829728.JPG', 41),
(100, '14398295611439829727.JPG', 41),
(101, '14398295641439829917.JPG', 41),
(102, '14398295721439829992.JPG', 41),
(103, '14398300871439830258.jpg', 13),
(104, '14398300891439830521.jpg', 13),
(105, '14398300901439830226.jpg', 13),
(106, '14398300921439830302.jpg', 13),
(107, '14398306861439830923.JPG', 42),
(109, '14398307321439831069.JPG', 42),
(110, '14398307331439830922.JPG', 42),
(111, '14398307341439831231.JPG', 42),
(112, '14398316131439831801.JPG', 43),
(113, '14398316221439832109.jpg', 43),
(114, '14398316241439832019.jpg', 43),
(115, '14398316261439831814.jpg', 43),
(116, '14398316281439831775.jpg', 43),
(117, '14398739871439874175.JPG', 44),
(118, '14398739941439874143.JPG', 44),
(119, '14398740021439874310.JPG', 44),
(120, '14398740031439874242.JPG', 44),
(121, '14398752411439875439.PNG', 45),
(122, '14398752481439875603.PNG', 45),
(123, '14398752871439875602.jpg', 45),
(128, '14398759441439876362.JPG', 46),
(129, '14398759511439876310.JPG', 46),
(130, '14398759521439876157.JPG', 46),
(131, '14398759531439876358.JPG', 46),
(132, '14398762601439876709.JPG', 4),
(133, '14398766461439877083.JPG', 14),
(134, '14398766521439876961.JPG', 14),
(135, '14398766531439877006.JPG', 14),
(136, '14398766541439876813.JPG', 14),
(138, '14398773191439877617.jpg', 32),
(139, '14398773291439877760.jpg', 32),
(140, '14398773301439877457.jpg', 32),
(141, '14398773311439877452.jpg', 32),
(142, '14398774681439877811.jpg', 23),
(143, '14398774811439877610.jpg', 23),
(144, '14398774821439877636.jpg', 23),
(145, '14398774831439877779.jpg', 23),
(146, '14398774861439877948.jpg', 23),
(147, '14398783801439878827.JPG', 47),
(148, '14398783901439878663.jpg', 47),
(149, '14398783911439878706.jpg', 47),
(150, '14398783981439878842.jpg', 47),
(151, '14398787351439879184.jpg', 48),
(152, '14398801351439880313.jpg', 30),
(153, '14398801441439880644.jpg', 30),
(154, '14398801511439880326.jpg', 30),
(155, '14398802181439880664.jpg', 30),
(156, '14398824381439882773.JPG', 50),
(163, '14398955681439895769.JPG', 25),
(164, '14398955741439895995.JPG', 25),
(165, '14398955751439895936.JPG', 25),
(166, '14398955761439896023.JPG', 25),
(167, '14398956721439896119.jpg', 50),
(168, '14398956901439896041.JPG', 50),
(169, '14398956911439895792.JPG', 50),
(170, '14398956941439896192.JPG', 50),
(171, '14398961601439896640.PNG', 31),
(173, '14398974631439897942.jpg', 15),
(175, '14399139571439914450.jpg', 54),
(176, '14399139751439914316.jpg', 54),
(177, '14399139771439914195.jpg', 54),
(178, '14399139791439914323.jpg', 54),
(179, '14399139801439914463.jpg', 54),
(183, '14399204831439920683.jpg', 62),
(184, '14399204891439920909.jpg', 62),
(185, '14399204941439920631.jpg', 62),
(186, '14399215151439921895.JPG', 38),
(190, '14399216901439921925.JPG', 34),
(191, '14399216961439921900.JPG', 34),
(192, '14399219411439922373.JPG', 49),
(193, '14399219481439922309.JPG', 49),
(194, '14399219491439922121.JPG', 49),
(195, '14399219501439922403.JPG', 49),
(197, '14399227121439922977.JPG', 40),
(198, '14399227221439922969.JPG', 40),
(199, '14399227291439922923.JPG', 40),
(200, '14399227311439923094.JPG', 40),
(201, '14399678891439968274.JPG', 53),
(202, '14399678961439968173.JPG', 53),
(203, '14399678971439968057.JPG', 53),
(204, '14399678991439968285.JPG', 53),
(205, '14399686371439969059.JPG', 63),
(206, '14399686441439969059.JPG', 63),
(207, '14399686451439968908.JPG', 63),
(208, '14399686461439968891.JPG', 63),
(209, '14399689171439969051.JPG', 36),
(210, '14399689241439969147.JPG', 36),
(211, '14399689251439969124.JPG', 36),
(212, '14399689261439969107.JPG', 36),
(214, '14399695371439969751.JPG', 53),
(215, '14401327921440133001.JPG', 68),
(216, '14401327991440133087.JPG', 68),
(217, '14401328021440133220.JPG', 68),
(218, '14401328041440132940.JPG', 68),
(219, '14402317411440232024.JPG', 72),
(221, '14402335591440233969.JPG', 75),
(222, '14402335601440233998.JPG', 75),
(223, '14402335631440234029.JPG', 75),
(224, '14402335741440234028.JPG', 75),
(225, '14402344431440234553.jpg', 37),
(226, '14402349211440235255.jpg', 76),
(227, '14402349311440235277.jpg', 76),
(228, '14402349321440235302.jpg', 76),
(229, '14405832881440583741.JPG', 49),
(232, '14405836741440583896.JPG', 55),
(233, '14405836821440583832.JPG', 55),
(234, '14405836831440584031.JPG', 55),
(235, '14405836841440584133.JPG', 55),
(236, '14405836971440584008.JPG', 55),
(237, '14405839571440584228.JPG', 55),
(242, '14405855471440585673.JPG', 27),
(243, '14405855541440585840.JPG', 27),
(244, '14405855621440585941.JPG', 27),
(245, '14405855641440585779.JPG', 27),
(246, '14405857131440586132.JPG', 2),
(247, '14405862131440586344.jpg', 31),
(248, '14405864701440586739.jpg', 76),
(249, '14405870201440587231.JPG', 34),
(250, '14405870251440587497.JPG', 34),
(251, '14405870261440587507.JPG', 34),
(252, '14405870271440587163.JPG', 34),
(253, '14405872011440587503.JPG', 35),
(254, '14405872091440587532.JPG', 35),
(255, '14405872111440587519.JPG', 35),
(256, '14405872141440587492.JPG', 35),
(257, '14405875781440587730.JPG', 77),
(258, '14405875841440587862.JPG', 77),
(259, '14405876031440587990.JPG', 77),
(260, '14405876061440587930.JPG', 77),
(261, '14405876711440588027.JPG', 77),
(262, '14405878001440588217.JPG', 64),
(263, '14405878041440588211.JPG', 64),
(264, '14405878091440588165.JPG', 64),
(265, '14405878111440587967.JPG', 64),
(266, '14405880921440588582.JPG', 39),
(267, '14405880971440588492.JPG', 39),
(268, '14405881011440588562.JPG', 39),
(269, '14405881061440588562.JPG', 39),
(270, '14405883271440588584.JPG', 51),
(271, '14405883281440588467.JPG', 51),
(272, '14405883491440588798.JPG', 51),
(273, '14405883531440588587.JPG', 51),
(275, '14405885681440588760.JPG', 30),
(276, '14405885701440588781.JPG', 30),
(277, '14405885711440588855.JPG', 30),
(278, '14405885721440589005.JPG', 30),
(279, '14405888131440589102.JPG', 37),
(280, '14405888211440589222.JPG', 37),
(281, '14405888221440589083.JPG', 37),
(282, '14405888231440589297.JPG', 37),
(283, '14405888261440589107.JPG', 37),
(284, '14405891521440589560.JPG', 78),
(285, '14405891591440589357.JPG', 78),
(286, '14405891671440589276.JPG', 78),
(287, '14405891681440589364.JPG', 78),
(288, '14405891701440589594.JPG', 78),
(289, '14406052811440605554.JPG', 66),
(290, '14406052921440605579.JPG', 66),
(291, '14406053041440605669.JPG', 66),
(292, '14406053061440605440.JPG', 66),
(293, '14406053391440605464.JPG', 65),
(294, '14406053501440605584.JPG', 65),
(295, '14406053511440605838.JPG', 65),
(296, '14406053531440605596.JPG', 65),
(297, '14406053661440605688.JPG', 65),
(298, '14406053941440605525.JPG', 67),
(299, '14406054001440605819.JPG', 67),
(300, '14406054021440605656.JPG', 67),
(301, '14406054041440605512.JPG', 67),
(302, '14406064491440606618.JPG', 79),
(303, '14406064581440606687.JPG', 79),
(304, '14406064591440606724.JPG', 79),
(305, '14406064621440606825.JPG', 79),
(306, '14406064631440606617.JPG', 79),
(307, '14406076071440607930.PNG', 80),
(308, '14406076091440607959.PNG', 80),
(309, '14406082801440608658.JPG', 81),
(310, '14406082911440608625.JPG', 81),
(311, '14406082981440608464.JPG', 81),
(312, '14406083041440608587.JPG', 81),
(313, '14406083121440608562.JPG', 81),
(314, '14406089611440609396.JPG', 82),
(315, '14406089711440609381.JPG', 82),
(316, '14406089721440609296.JPG', 82),
(317, '14406089861440609233.JPG', 82),
(318, '14406089871440609148.JPG', 82),
(319, '14406098171440610260.jpg', 38),
(320, '14406098241440610275.jpg', 38),
(321, '14406098281440610091.jpg', 38),
(322, '14406106681440611060.JPG', 74),
(323, '14406106761440611115.JPG', 74),
(329, '14406113221440611579.JPG', 57),
(330, '14406734001440673597.jpg', 20),
(331, '14406734081440673686.JPG', 20),
(332, '14406734301440673876.JPG', 20),
(333, '14406734391440673578.JPG', 20),
(334, '14406734531440673745.JPG', 20),
(335, '14406734601440673598.JPG', 20),
(336, '14406734711440673769.JPG', 20),
(337, '14406734871440673828.JPG', 20),
(338, '14406925281440692878.JPG', 86),
(339, '14406925391440692794.JPG', 86),
(340, '14406925501440692820.JPG', 86),
(341, '14406925531440692950.JPG', 86),
(342, '14406925571440692974.JPG', 86),
(343, '14406925611440692890.JPG', 86),
(344, '', 87),
(345, '', 87),
(346, '', 87),
(347, '', 87),
(348, '', 87),
(349, '', 87),
(350, '14406929251440693412.JPG', 87),
(351, '14406929291440693160.JPG', 87),
(352, '14406929371440693051.JPG', 87),
(353, '14406929391440693234.JPG', 87),
(354, '14406929441440693170.JPG', 87),
(355, '14406929461440693210.JPG', 87),
(356, '14406958351440696200.jpg', 57),
(357, '14406958411440696307.jpg', 57),
(358, '14406958571440696180.jpg', 57),
(359, '14406960371440696184.PNG', 31),
(360, '14407803951440780602.jpg', 94),
(361, '14407804021440780803.jpg', 94),
(362, '14407804031440780577.jpg', 94),
(363, '14407804051440780880.jpg', 94),
(364, '14407810041440781232.jpg', 95),
(365, '14407810111440781495.jpg', 95),
(366, '14407810181440781446.jpg', 95),
(367, '14407810251440781483.jpg', 95),
(368, '14407819651440782093.JPG', 97),
(369, '14407819721440782192.JPG', 97),
(370, '14407819791440782179.JPG', 97),
(371, '14407819861440782288.JPG', 97),
(372, '14410223941441022556.JPG', 69),
(373, '14410224101441022557.JPG', 69),
(374, '14410224111441022680.JPG', 69),
(375, '14410224131441022599.JPG', 69),
(376, '14410224361441022697.JPG', 69),
(377, '14410232331441023727.JPG', 28),
(378, '14410232411441023464.JPG', 28),
(380, '14410232561441023550.JPG', 28),
(381, '14411816091441182074.JPG', 19),
(382, '14411816181441181858.JPG', 19),
(383, '14411816201441182113.JPG', 19),
(384, '14411816781441182077.JPG', 93),
(385, '14411816911441182065.JPG', 93),
(387, '14413676831441368158.jpg', 65),
(388, '14413703691441370609.jpg', 67),
(389, '14413720381441372202.JPG', 100),
(390, '14413720471441372364.JPG', 100),
(391, '14413720491441372258.JPG', 100),
(392, '14413720511441372544.JPG', 100),
(393, '14414315351441431938.JPG', 93),
(394, '14414315481441431935.JPG', 93),
(395, '14414315871441431966.JPG', 102),
(396, '14414315991441431888.JPG', 102),
(397, '14414316041441431780.JPG', 102),
(398, '14414316111441431894.JPG', 102),
(399, '14414318561441432282.JPG', 101),
(400, '14414318661441432319.JPG', 101),
(401, '14414318711441432291.JPG', 101),
(402, '14414318861441432070.JPG', 101),
(403, '14414318951441432318.JPG', 101),
(404, '14414319631441432070.JPG', 33),
(405, '14414319661441432201.JPG', 33),
(406, '14414319691441432289.JPG', 33),
(407, '14414319711441432128.JPG', 33),
(408, '14414319731441432439.JPG', 33),
(409, '14416872201441687661.JPG', 103),
(410, '14416872231441687619.JPG', 103),
(411, '14416872251441687603.JPG', 103),
(412, '14416892611441689384.JPG', 104),
(413, '14416892791441689635.JPG', 104),
(414, '14416892831441689686.JPG', 104),
(415, '14416892941441689736.JPG', 104),
(416, '14416892981441689550.JPG', 104),
(417, '14416893001441689676.JPG', 104),
(418, '14416893021441689423.JPG', 104),
(419, '14416896841441690053.JPG', 105),
(420, '14416896921441690079.JPG', 105),
(421, '14416897011441690157.JPG', 105),
(422, '14416897021441690106.JPG', 105),
(423, '14416897041441689862.JPG', 105),
(424, '14418145251441814920.JPG', 16),
(425, '14418145311441814690.JPG', 16),
(426, '14418145351441814961.JPG', 16),
(427, '14418146771441815118.JPG', 91),
(428, '14418146841441814932.JPG', 91),
(429, '14418146861441815118.JPG', 91),
(430, '14418146871441814984.JPG', 91),
(431, '14418147521441814995.JPG', 109),
(432, '14418147571441814882.JPG', 109),
(433, '14418147601441815032.JPG', 109),
(434, '14418147621441815108.JPG', 109),
(435, '14418148051441815274.JPG', 98),
(436, '14418148071441815122.JPG', 98),
(437, '14418148331441814936.JPG', 98),
(438, '14418148351441815212.JPG', 98),
(439, '14418148371441815109.JPG', 98),
(440, '14418148911441815238.JPG', 106),
(441, '14418148931441815392.JPG', 106),
(442, '14418148951441815361.JPG', 106),
(443, '14418152611441815420.JPG', 110),
(444, '14418152681441815588.JPG', 110),
(447, '14418157261441815990.JPG', 111),
(448, '14418157321441816117.JPG', 111),
(449, '14418157331441816182.JPG', 111),
(450, '14418157341441816179.JPG', 111),
(451, '14419565471441956973.JPG', 113),
(452, '14419565551441957021.JPG', 113),
(453, '14419565571441956730.JPG', 113),
(454, '14419565581441956951.JPG', 113),
(455, '14419566361441956780.JPG', 114),
(456, '14419566381441956913.JPG', 114),
(457, '14419566391441957017.JPG', 114),
(458, '14419567241441957186.JPG', 115),
(459, '14419567311441957025.JPG', 115),
(460, '14419567341441957199.JPG', 115),
(461, '14419567351441956968.JPG', 115),
(462, '14419567371441957234.JPG', 115),
(464, '14419574421441957643.JPG', 116),
(467, '', 117),
(469, '14419576671441958004.JPG', 117),
(470, '14419576691441957870.JPG', 117),
(471, '14419576701441957784.JPG', 117),
(472, '14428360321442836238.PNG', 119),
(473, '14428360531442836315.JPG', 119),
(474, '14428360721442836431.JPG', 119),
(476, '14428360931442836288.JPG', 119),
(480, '14428367161442837033.PNG', 120),
(482, '14428367331442837111.JPG', 120),
(483, '14428367621442837115.JPG', 120),
(484, '14428367731442837017.JPG', 120),
(486, '14428367831442837234.JPG', 120),
(487, '14428367851442837063.JPG', 120),
(488, '14428367941442837217.JPG', 120),
(500, '14428371301442837628.PNG', 121),
(502, '14428371551442837448.JPG', 121),
(504, '14428371671442837370.JPG', 121),
(505, '14428371711442837540.JPG', 121),
(506, '14428371741442837405.JPG', 121),
(508, '14428371891442837444.JPG', 121),
(509, '14429938191442994316.JPG', 120),
(510, '14429947171442995031.jpg', 119),
(515, '14431072201443107581.jpg', 120),
(516, '14432506131443250768.jpg', 121),
(517, '14432506141443250879.gif', 121),
(518, '14432506151443250925.JPG', 121),
(519, '14432506161443250864.JPG', 121),
(520, '14432506781443250959.jpg', 119),
(521, '14436114001443611686.JPG', 122),
(522, '14436114071443611596.JPG', 122),
(523, '14436114081443611512.JPG', 122),
(524, '14436114091443611636.JPG', 122),
(525, '14436114111443611786.JPG', 122),
(526, '14436114121443611754.JPG', 122),
(527, '14436119421443612250.JPG', 123),
(528, '14436119541443612341.JPG', 123),
(529, '14436119551443612180.JPG', 123),
(530, '14436119561443612111.JPG', 123),
(531, '14436119571443612399.JPG', 123),
(532, '14437999771443800387.JPG', 125),
(533, '14437999821443800204.JPG', 125),
(534, '14437999881443800349.JPG', 125),
(535, '14437999891443800180.JPG', 125),
(536, '14437999921443800208.JPG', 125),
(537, '14439652301443965505.JPG', 124),
(538, '14439652391443965652.JPG', 124),
(539, '14439652451443965554.JPG', 124),
(540, '14439652621443965497.JPG', 124),
(541, '14439652631443965632.JPG', 124),
(542, '14439652641443965445.JPG', 124),
(543, '14439652641443965602.JPG', 124),
(544, '14439652651443965528.JPG', 124),
(545, '14439652661443965366.JPG', 124),
(546, '14439652661443965507.JPG', 124),
(547, '14449185521444918906.jpg', 126),
(548, '14449185581444918926.jpg', 126),
(549, '14449185641444918790.jpg', 126),
(550, '14449185751444918802.jpg', 126),
(551, '14449185891444918819.jpg', 126),
(552, '14449185971444918821.jpg', 126),
(553, '14449186051444918978.jpg', 126),
(554, '14449186121444918838.jpg', 126),
(555, '14449186191444918941.jpg', 126),
(556, '14449186251444918796.jpg', 126),
(557, '14454299091445430309.jpg', 18),
(558, '14454299091445430169.jpg', 18),
(559, '14454299171445430219.jpg', 18),
(560, '14454299231445430361.jpg', 18),
(561, '14454299241445430173.jpg', 18),
(562, '14454299241445430151.jpg', 18);

-- --------------------------------------------------------

--
-- Table structure for table `doctor`
--

CREATE TABLE IF NOT EXISTS `doctor` (
  `id` int(11) NOT NULL AUTO_INCREMENT,
  `cat_id` int(11) NOT NULL,
  `sort_order` int(11) NOT NULL DEFAULT '0',
  `name` text COLLATE utf8_unicode_ci NOT NULL,
  `contact` text COLLATE utf8_unicode_ci NOT NULL,
  `email` text COLLATE utf8_unicode_ci NOT NULL,
  `qualification` text COLLATE utf8_unicode_ci NOT NULL,
  `fees` int(11) NOT NULL,
  `housetiming` text COLLATE utf8_unicode_ci NOT NULL,
  `clinictiming` text COLLATE utf8_unicode_ci NOT NULL,
  `holidaytiming` text COLLATE utf8_unicode_ci NOT NULL,
  `doc_addrs_house_no` text COLLATE utf8_unicode_ci NOT NULL,
  `doc_addrs_colony` text COLLATE utf8_unicode_ci NOT NULL,
  `doc_image` text COLLATE utf8_unicode_ci NOT NULL,
  `clinic_name` text COLLATE utf8_unicode_ci NOT NULL,
  `clinic_facility` text COLLATE utf8_unicode_ci NOT NULL,
  `clinic_addrs_house_no` text COLLATE utf8_unicode_ci NOT NULL,
  `clinic_addrs_colony` text COLLATE utf8_unicode_ci NOT NULL,
  `addrs_state_id` int(11) NOT NULL,
  `addrs_city_id` int(11) NOT NULL,
  `lat` double NOT NULL DEFAULT '0',
  `lng` double NOT NULL DEFAULT '0',
  `nearestmedical` text COLLATE utf8_unicode_ci NOT NULL,
  `registration_number` text COLLATE utf8_unicode_ci NOT NULL,
  `medical_contact` text COLLATE utf8_unicode_ci NOT NULL,
  `userid` int(11) NOT NULL DEFAULT '0',
  `isactive` int(11) NOT NULL DEFAULT '0',
  PRIMARY KEY (`id`)
) ENGINE=InnoDB  DEFAULT CHARSET=utf8 COLLATE=utf8_unicode_ci AUTO_INCREMENT=131 ;

--
-- Dumping data for table `doctor`
--

INSERT INTO `doctor` (`id`, `cat_id`, `sort_order`, `name`, `contact`, `email`, `qualification`, `fees`, `housetiming`, `clinictiming`, `holidaytiming`, `doc_addrs_house_no`, `doc_addrs_colony`, `doc_image`, `clinic_name`, `clinic_facility`, `clinic_addrs_house_no`, `clinic_addrs_colony`, `addrs_state_id`, `addrs_city_id`, `lat`, `lng`, `nearestmedical`, `registration_number`, `medical_contact`, `userid`, `isactive`) VALUES
(1, 5, 1, 'Dr SURESH GOYAL', '9660340660', 'drsumitmds@gmail.com', 'M.S (ORTHO)', 150, '', '10:30 AM TO 3.00 PM\n 5.00 PM TO 7.00 PM', '10:30 AM TO 3.00 PM\n 5.00 PM TO 7.00 PM', '1-E-13', 'SUKHARIA NAGAR', '14397085641439708739.jpg', 'GARG HOSPITAL', 'KNEE & HIP JOINT REPLACEMENT\nFULLY EQUIPPED LAB\nX-RAY\nA/C - ROOMS ', '2-A-15 ', 'SUKHARIA NAGAR', 19, 1, 0, 0, '', '', '', 0, 1),
(2, 4, 2, 'Dr Vivek Gupta', '9414087055', 'drvivek1995@gmail.com', 'MD PEDIATRICS', 200, '', '10:00: AM TO 2.00 PM\n5.00 PM TO 7.00 PM\n', '10:00 AM TO 12.00 PM', '87', 'Vrindavan Vihar', '14397043051439704728.jpg', 'DELHI CHILD HOSPITAL AND PREMATURE CARE CENTRE', 'NEONATAL INTENSIVE CARE UNIT\nOPD\nA/C ROOMS\nWARDS\nVACCINATION', '98', 'Vrindavan Vihar ', 19, 1, 0, 0, '', '', '', 0, 1),
(3, 9, 4, 'Dr. Sanjeev Jindal', '9214425999', 'drjindaleye@gmail.com', 'MS.(Optho.)', 200, '', '10ː00 AM TO 3ː00 PM\n 5ː30 PM TO 7ː30 PM', 'NOT AVAILABLE', '104', 'Vrindavan Vihar, Gagan Path', '14397240791439724336.jpg', 'Jindal Eye Care', 'OCT\nTopical Faco\nलेसिक लेज़र \nकाला मोतीआ का ऑपरेशन ', '104', 'Vrindavan Vihar, Gagan Path', 19, 1, 0, 0, '', '', '', 0, 1),
(4, 6, 5, 'DR. PRAVEEN KUMAR GUPTA', '9414089086', 'guptapraveendr@gmail.com', 'M.S.,FICS, D.Pel (Germany)', 200, '', '09:00 AM TO 2ː00 PM', 'NOT AVAILABLE', '1-B-5', 'SUKHARIA NAGAR', '14397197391439720122.jpg', 'ADARSH NURSING HOME & STONE CLINIC (PVT LTD)', 'दूरबीन पद्धति से पित्ताशय की पथरी का ऑपरेशन (LAP.CHOLE)\nपथरी का बिना ऑपरेशन किरणों / दूरबीन दवारा इलाज़ -लिथोट्रिप्सि  (PCNL,URS)\nबिना पेट चीरे बच्चेदानी का ऑप्रेशन (V.H.)\nगदुद का बर्मे से ऑप्रेशन (TUR-P)', '1-B-5', 'SUKHARIA NAGAR', 19, 1, 0, 0, '', '', '', 0, 1),
(5, 10, 3, 'Dr. RAMAWATAR DAYAMA', '8740083400', 'dr.ramawatardayama@gmail.com', 'M.S. (ENT)\n', 200, '', '10ː00 AM TO 3ː00 PM\n 5ː00 PM TO 7ː00 PM', '10ː00 AM TO 3ː00 PM\n 5ː00 PM TO 8ː00 PM', 'HOUSE NO 88 ', 'PURANI ABADI , WARD NO 10', '14397264311439726560.jpg', 'DAYAMA HOSPITAL', 'कान के परदे का बिना टांके का ऑप्रेशन\nचक्कर , एलर्जी, एंडोस्कोपी स्पेसलिस्ट \nTOTAL TRANS CANAL TECHNIQUE FOR EAR DRUM TRANSPLANT', '120-121 ', 'SUKHARIA SHOPPING CENTRE', 19, 1, 0, 0, '', '', '', 0, 1),
(9, 5, 2, 'DR K.K. JAKHAR', '9414509926', 'drkkjakhar98@gmail.com', 'MS ORTHO\nSPL BONE & JOINT', 100, '', '12ː00 PM TO 5ː00 PM', '8ː00 AM TO 9ː00 AM \n11ː00 AM TO 1ː00 PM', 'G-5', 'MODEL TOWN I', '14397156921439716075.jpg', 'DR K K JAKHAR HOSPITAL', 'O.P.D.\nPLASTERS\nX RAY\nMEDICAL STORE', 'G-5', 'MODEL TOWN I', 19, 1, 0, 0, '', '', '', 0, 1),
(12, 12, 3, 'DR AMIT GOYAL', '8764320199', 'dramitgoyal24@gmail.com', 'DM GASTROENTEROLOGY\n', 250, '', '10ː00 AM TO 4ː00 PM\n6ː00 PM TO 7ː30 PM', '12ː00 PM TO 2ː00 PM', 'VATSALYA RC 11-12', 'RIDHI- SIDHI I   HANUMANGARH ROAD', '14395404811439540925.jpg', 'GANGARAM BANSAL SUPERSPECIALITY HOSPITAL', 'MULTISPECIALITY HOSPITAL & TRAUMA CENTRE\nGASTROENTEROLOGY\nRADIOLOGY\nICU OT\nNEUROSURGERY\nMEDICINE\nDERMATOLOGY', 'MEERA MARG', 'JAWAHAR NAGAR', 19, 1, 0, 0, '', '', '', 0, 1),
(13, 7, 1, 'DR SANDEEP CHAUHAN', '9414093355', 'drsandeepdm@yahoo.com', 'DM NEPHROLOGY', 300, '', '10ː00 AM TO 3ː00 PM\n6ː00 PM TO 8ː00 PM', '10ː00 AM TO 2ː00 PM', '2-D-1 ', 'SUKHADIA NAGAR', '14398300771439830206.jpg', 'AASTHA KIDNEY & GENERAL HOSPITAL', 'KIDNEY , HEART DISEASES,\nDIALYSIS\nGYNAE\nUROLOGY\nSURGERY\nPOISIONING TREATMENT', '2-D-1', 'SUKHARIA NAGAR', 19, 1, 0, 0, '', '', '', 0, 1),
(14, 6, 3, 'DR NEERAJ MITTAL', '9829906025', 'neerajsunami@yahoo.co.in', 'MBBS, MS, Mch', 300, '', '9ː 00 AM TO 5ː00 PM', '9ː AM TO 1ː00 PM', '7-A-30', 'JAWAHAR NAGAR', '14398766591439877033.JPG', 'BAHL HOSPITAL', 'PLASTIC & RECONSTRUCTIVE SURGEON\n', 'HANUANGARH ROAD', '', 19, 1, 0, 0, '', '', '', 0, 1),
(15, 1, 13, 'DR L.D. BHARADWAJ', '9414093989', 'drldbh@gmail.com', 'MD PHYSICIAN\nGOLD MEDALIST', 200, '3ː00 PM TO 6ː00 PM', '9ː00 AM TO 1ː00 PM', 'NOT AVAILABLE', '5-K-1 ', 'JAWAHAR NAGAR', '14397150161439715301.jpg', 'JINDAL ENT HOSPITAL AND MEDICAL RESEARCH CENTRE', 'ICU\nX RAY\nTMT\nPATHOLOGY LAB\nSPIROMETERY\nAUDIOMETERY\nINDOOR', '4-E-1', 'JAWAHAR NAGAR, MAIN ROAD, HOUSING BOARD CHOWK', 19, 1, 29.918381946696815, 73.883266477294, '', '', '', 0, 1),
(16, 1, 2, 'DR ARUN KALRA', '9414088777', 'arun_kalra@rediffmail.com', 'MD (MEDICINE) PHYSICIAN\nCARDIAC & RESPIRATORY DISEASES', 300, '9ː30 AM TO 2ː00 PM', '', 'NOT AVAILABLE ', '82', 'L BLOCK', '14397145931439714959.jpg', '', '', '82 ', 'L BLOCK', 19, 1, 0, 0, 'Bhavan medical store\nL- Block \nSri ganganagar (Raj.)', '', '', 0, 1),
(17, 1, 5, 'DR RAKESH GOYAL', '', 'rgoyal62@gmail.com', 'MD PHYSICIAN', 200, '', '10ː00 AM TO 3ː00 PM                                \n 5ː00 PM TO 6ː00 PM', 'NOT AVAILABLE', '', '', '14397168231439717029.jpg', 'GOYAL HOSPITAL', 'INDOOR\nLABORATORY', 'OPP RAILWAY  STATION', '', 19, 1, 0, 0, '', '', '', 0, 1),
(18, 1, 12, 'DR ATUL GUPTA', '9814229730,9783739730', 'atulgpt87@gmail.com', 'MD PHYSICIAN', 200, '', '9ː30 AM TO 2ː30 PM           \n5ː00 PM TO 7ː00 PM', '10ː00 AM TO 12ː00 PM', '', '', '14454299811445430338.jpg', 'SHREE BAJAJI HEART AND DIABETES CLINIC', 'ICU\nECG\nTMT\nX RAY\nLABORATORY\nNEBULIZER \nBIPAP\n\n', 'MAHAVIR NAGAR, NEAR RAILWAY OVER BRIDGE', 'HANUMANGARH ROAD ABOHAR', 18, 8, 0, 0, '', '', '', 0, 1),
(19, 1, 7, 'DR SHVETA GARG', '7742293842', 'drshvetagarg@gmail.com', 'MD PHYSICIAN\nCARDIAC & RESPIRATORY DISEASES SPECIALIST', 150, '', '10ː30 AM TO 3ː30 PM', '10ː30 AM TO 1ː00 PM', '180 ', 'AGARSEN NAGAR', '14406490901440649531.jpg', 'SANJIVNI HOSPITAL', 'ICU\nLABORATORY\nECG\nEEG\nNEBULIZER\nPFT\nCOLOUR BRAIN MAPING\nWELL FURNISHED ROOMS', 'GAGAN PATH ', 'JAWAHAR NAGAR', 19, 1, 0, 0, '', '', '', 0, 1),
(20, 10, 1, 'DR RAMESH CHANDER JINDAL', '9414088789', 'jindalenthospital@gmail.com', 'M.S. E.N.T.\nEAR NOSE & THROAT SURGEON', 200, '', '10ː00 AM TO 6ː00 PM', '11ː00 AM TO 01ː00 PM', '4-E-1 ', '  II FLOOR , JAWAHAR NAGAR', '14398735271439873925.jpg', 'JINDAL E.N.T. HOSPITAL & MEDICAL RESEARCH CENTRE', 'ALL KINDS OF ENT SURGERY , INCLUDING ENDOSCOPIC SINUS SURGERY\nALLERGY TESTS\nX-RAY\nTMT\nAUDIOMETERY\nBERA\nLAB\nBRONCHOSCOPY & OESOPHAGOSCOPY\nPHARMACY\nICU\n', '4-E-1', 'JAWAHAR NAGAR , MAIN ROAD HOUSING BOARD CHOWK', 19, 1, 0, 0, '', '', '', 0, 1),
(21, 1, 3, 'DR PRAHLAD GUPTA', '9352700918, 9462578149', 'sandeepsaincnh@gmail.com', 'MD PHYSICIAN\nFACC FCCP, FICA\nSENIOR CONSULTANT & NON INTERENTIONAL CARDIOLOGIST', 200, '', '9ː00 AM TO 3ː00 PM             5ː00 PM TO 8ː00 PM', '9ː00 AM TO 3ː00 PM', '31', 'N BLOCK', '14398286271439828990.jpg', 'CHANDIGARH NURSING HOME', 'OPD\nINDOOR\nLABORATORY\nEECP - CARDIAC NON-INVASIVE REVASCULARISATION \nFREE KITCHEN SERVICE FOR PATIENT & ONE ATTENDANT', '46 E BLOCK', 'SHEETALA  PARK', 19, 1, 0, 0, '', '', '', 0, 1),
(22, 17, 2, 'DR NEHA KHUNGER', '9782919000', 'neha.gandhi24@gmail.com', 'BDS, MIDA\nDENTAL SURGEON', 50, '', '10ː00 AM TO 2ː00 PM          \n 5ː00 PM TO 8ː00 PM', 'NOT AVAILABLE', 'INDIRA COLONY', 'STREET NO 10', '14402293871440229658.jpg', 'DR KHUNGERS DENTAL & GENERAL HEALTH CARE', 'ALL TYPE OF DENTAL TREATMENT', 'KHURANA PALACE ROAD', 'INDIRA COLONY STREET NO 10 ', 19, 1, 0, 0, '', '', '', 0, 1),
(23, 17, 6, 'DR. HIMANSHU GUPTA', '9799744464', 'himanshudr2th@gmail.com', 'MDS\nCONSULTANT PROSTHODONTIST & IMPLANTOLOGIST', 150, '10ː00 AM TO 1ː00 PM', '4ː00 PM TO 7ː00 PM', '10ː00 AM TO 1ː00 PM', '32', 'B BLOCK', '14398774371439877839.jpg', 'L.D''S DENTAL & IMPLANT CARE', 'IMPLANTS\nFIXED TEETH\nCOSMETICS\nPEDIATRIC DENTISTRY\nADVANCED RCT', '32 B BLOCK', '', 19, 1, 0, 0, '', '', '', 0, 1),
(24, 26, 1, 'DR SANJEEV KUMAR CHUGH', '7891591872', 'drsanjeevtbcd@yahoo.com', 'MD CHEST & TB', 200, '', '9ː00 AM TO 3ː00 PM\n5ː00 PM TO 7ː00 PM', '10ː00 AM TO 2ː00 PM', '125', 'L BLOCK , NEAR HANUMAN MANDIR', '14407769881440777332.jpg', 'SANJIVNI CHEST HOSPITAL', 'PFT\nBIPAP\nCDAP\nOXYGEN FACILITY\n', '3/111 HOUSING BOARD', 'OPP GUPTA NURSING HOME', 19, 1, 0, 0, '', '', '', 0, 1),
(25, 6, 4, 'DR.P.S. KHURANA', '9351464777 ', 'drpskhurana@gmail.com', 'MS SURGEON', 200, '', '11ː00 AM T0 2ː00 PM\n5ː30 PM TO 7ː30 PM', '11ː00 AM TO 2ː00 PM', '7-J-2', 'JAWAHAR NAGAR, MEERA MARG', '14398977311439897883.jpg', 'SIHAG HOSPITAL', 'OPERATION THEATRE\nLAPAROSCOPIC SURGERY\nUROLOGY\nCANCER SURGERY\nICU\nULTRASOUND\nLAB.', '2 A 18-19 ', 'JAWAHAR NAGAR', 19, 1, 0, 0, '', '', '', 0, 1),
(26, 9, 1, 'DR RAJESH CHALANA', '9414953200', 'drrajeshchalana@yahoo.com', 'MS (OPHTHALMOLOGY)', 200, '', '10ː00 AM TO 7ː00 PM', 'NOT AVAILABLE', '5-M-19', 'JAWAHAR NAGAR', '14397256651439725970.jpg', 'NAYAN MANDIR - EYE HOSPITAL', 'TOPICAL PHACO\nRETINA CLINIC\nHOSPITAL WEBSITE ː WWW.NAYANMANDIR.COM', 'PHACO & RETINA CENTRE ', '5-M-19 JAWAHAR NAGAR', 19, 1, 0, 0, '', '', '', 0, 1),
(27, 20, 1, 'DR. MANOJ DUA', '9610298635,8946824445', 'drmanojdua49@gmail.com', 'MCH PAEDIATRICS\nPEDIATRICS SURGERY', 250, '', '10ː00 AM to 3ː00 PM\n 5ː00 PM TO 7ː00 PM\n', '10ː00 AM TO 2ː00 PM', '6-C PREM NAGAR', 'NEAR PAYAL CINEMA', '14397427101439742891.jpg', 'DUA HOSPITAL', 'MODREN SNICU & OPERATION THEATRE\nVENTILATOR\nGENERAL WARD & A.C. PRIVATE ROOMS\nLAB AND PHARMACY\n24 EMERGENCY SERVICE', '102-103 VRINDAVAN VIHAR, GAGAN PATH', 'NEAR SIHAG HOSPITAL', 19, 1, 0, 0, '', '', '', 0, 1),
(28, 4, 5, 'DR PRITPAL SINGH CHUGH', '9414281952', 'drpschug@gmail.com', 'D.C.H. , MD PEDIATRICS\nCHILD SPECIALIST', 200, '', '10ː00 AM  TO 2ː00 PM\n5ː00 PM TO 8ː00 PM ', '10ː00 AM TO 2ː00 PM', '144 ', 'H BLOCK', '14397062001439706461.jpg', 'CHUGH HOSPITAL', '', '148', 'H BLOCK', 19, 1, 0, 0, '', '', '', 0, 1),
(30, 2, 2, 'DR ROOP SIDANA', '9414087359 ,01542472359,01542486389', 'drroop67@gmail.com', 'MD PSYCHIATRIST & DEADDICTION', 250, '', '10ː00 AM TO 6ː00 PM\n', 'ONLY ON EMERGENCY', '', '', '14398978891439898234.jpg', 'TEK CHAND SIDANA MEMORIAL PSYCHIATRIC HOSPITAL & DE ADDICTION CENTRE', 'rTMS\nEEG & BRAIN MAPPING\nSEX THERAPY\nECG MACHINE\nMULTI BEHAVIOUR THERAPY\nDAY CARE CENTRE\nMEDITATION CENTRE\nDIGITAL VIDEO EEG & BRAIN MAPPING\nMENTAL RETARDATION CLINIC\nDE ADDICTION CLINIC\nEPILEPSY CLNIC\nPSYCHO-SEXUAL CLINIC\nHEADACHE CLINIC', '1-B-4 SUKHARIA NAGAR', '', 19, 1, 0, 0, '', '', '', 0, 1),
(31, 2, 3, 'DR SANTOSH KUMAR TRIPATHI', '9414658256', 'drsktripathi@yahoo.com', 'CLINICAL PSYCHOLOGIST', 200, '8ː00 AM TO 10ː00 AM\n5ː00PM TO 8ː00 PM', '10ː00 AM TO 5ː00 PM\n', '12ː00 AM TO 2ː00 PM', ' H NO 59, GALI NO 3', 'DURGA VIHAR', '14402292991440229630.jpg', 'TANTIA GENERAL HOSPITAL', 'MARITAL COUNSELING\nSEX ADVISORY CLINIC\nBEHAVIORAL THERAPY\nCHILD COUNSELING\nPARENTAL COUNSELING \nADDICTION CASE HANDLING\nI.Q. AND PERSONALITY TEST\nRORSCHACH, T.A.T.\nTRAINING IN MENTAL RETARDED CHILD\nSPEECH THERAPY\nCARRIER SELECTION ADVISORY\n', 'SUKHARIA MARG', '', 19, 1, 0, 0, '', '', '', 0, 1),
(32, 17, 3, 'DR NEHA GUPTA', '9887047551', 'himanshudr2th@gmail.com', 'MDS\nPEDIATRIC & COSMETIC DENTIST', 150, '10ː00 AM TO 1ː00 PM', '4ː00 PM TO 7ː00 PM', '10ː00 AM TO 1ː00 PM', '', '', '14398773121439877735.jpg', 'L.D. MULTISPECIALITY DENTAL AND IMPLANT CARE', 'PEDIATRICS DENTISTRY \nLASER COSMETICS \nADAVANCED RCT', '32 B BLOCK', '', 19, 1, 0, 0, '', '', '', 0, 1),
(33, 13, 1, 'DR SUNIL BENIWAL', '9214556002', 'drsunilsms@gmail.com', 'M.D.\nDM (CARDIOLOGY)\nCONSULATANT -INTERVENTION CARDIOLOGY', 500, '', '9ː00 AM TO 5ː00 PM', 'ON CALL AVAILABLE', '103 RAJKIYA AWAS, NEAR TRIMURTI APARTMENT', 'MODEL TOWN ,MALVIYA NAGAR JAIPUR', '14397103261439710676.JPG', 'FORTIS ESCORT HOSPITAL  ', 'CATH LAB\nCCU\nPACEMAKER\nANGIOPLASTY', 'MEERA MARG', '', 19, 1, 0, 0, '', '', '', 0, 1),
(34, 17, 13, 'DR NEEL GAGAN', '9414955762', 'drneel83@gmail.com', 'B.D.S \nDENTAL SURGEON', 100, '', '10ː00 AM TO 2ː00 PM\n 4ː00 PM TO 8ː00 PM', '10ː00 AM TO 2ː00 PM', '161', 'VINOBA BASTI', '14405870121440587226.JPG', 'DR.NEEL''S DENTAL CLINIC', 'RCT\nORTHODONTICS\nIMPLANT\nDENTURE FIXED TEETH \n', '161', 'VINOBA BASTI', 19, 1, 0, 0, '', '', '', 0, 1),
(35, 17, 15, 'ATUL AGGARWAL', '9887677927', 'atulaggarwaldr@gmail.com', 'B.D.S.(Bangalore) MIDA\nDental Surgeon', 100, '', '10ː00 AM TO 2ː00 PM\n5ː00 PM TO 8ː00 PM', '10ː00 AM TO 2ː00 PM', '1', 'VRINDAVAN VIHAR , GAGANT PATH', '14462725941446272936.jpg', 'FAMILY DENTAL CARE', 'ULTRASONIC ROOT CANAL TREATMENT\nALL TYPE OF DENTAL TREATMENT', '2-C-10', 'JAWAHAR NAGAR, BEHIND SIHAG HOSPITAL, MAIN ROAD', 19, 1, 0, 0, '', '', '', 0, 1),
(36, 17, 11, 'DR GOVIND KANT', '9414332999', 'doc_govind@yahoo.com', 'BDS DENTAL SURGEON\n', 100, '', '10ː00 AM TO 2ː30 PM\n 5ː00 PM TO 8ː00 PM', 'NOT AVAILABLE', '124', 'H BLOCK', '14402300751440230555.jpg', '', 'ALL TYPE OF DENTAL TREATMENTS\n', '124 ', 'H BLOCK', 19, 1, 0, 0, '', '', '', 0, 1),
(37, 10, 4, 'DR MANOJ MITTAL', '9414088551', 'mittalmk551@gmail.com', ' MS ENT \n MICRO EAR & ENDOSCOPIC \n NASAL SURGEON\n', 200, '', '11ː00 AM TO 2ː00 PM\n6ː30 PM TO 7ː30 PM', 'NOT AVAILABLE', '', '', '14402351261440235244.jpg', 'AANCHAL HOSPITAL', 'OT\nICU\nWARD\nLAB\nCANTEEN\n', '3-B ', 'JAWAHAR NAGAR', 19, 1, 0, 0, '', '', '', 0, 1),
(38, 17, 10, 'DR. PARAMPAL SINGH  DHILLON', '9001248784', 'drjasvinder30@gmail.com', 'DENTAL SURGEON\n', 100, '8ː30 AM TO 10ː00 AM\n6ː00 PM TO 8ː00 PM', '9ː30 AM TO 7ː00 PM', '10ː00 AM TO 2ː00 PM\nBY APPOINTMENT ONLY', '301', 'SECTOR NO 1 HOUSING BOARD JAWAHAR NAGAR', '14406098021440609966.jpg', 'PARBRAHMA DENTAL CLINIC', 'SINGLE SITTING RCT\nTOOTH IMPLANT\nFIXED TEETH\nORTHODONTIC TREATMENT\n50 RS FEE ON EVERY TUESDAY\n', ' 132 ', 'SUKHARIA SHOPPING CENTER', 19, 1, 0, 0, '', '', '', 0, 1),
(39, 1, 12, 'DR RAKESH BAWEJA', '9414088606', 'dr.rakeshbaweja@yahoo.com', 'MD MEDICINE\nCONSULATANT PHYSICIAN AND HEART SPECIALIST\n(NON INVASIVE CARDIOLOGY)\nTRAINED IN COMPUTERIZED TMT', 300, '', '10ː00 AM TO 2ː00 PM\n5ː00 PM TO 7ː00 PM', 'ONLY EMERGENCY', '142', 'P BLOCK', '14405880861440588349.JPG', 'SREE GOVINDAM HOSPITAL & MULTISPECIALITY CENTRE', 'ICU\nOT\nSURGERY\nMEDICINE\nGYN\nDENTAL\nLAB\nMEDICAL STORE AND 24 HRS EMERGENCY FACILITIES.\nFEES 150 Rs FOR POOR PATIENT & FOR BPL FREE\n', '142', 'P BLOCK', 19, 1, 0, 0, '', '', '', 0, 1),
(40, 3, 4, 'UPASNA SETIA', '9414246596', 'upasna_kamra@yahoo.co.in', 'OBSTETRICIAN AND GYNECOLOGIST\n', 200, '', '10ː00 AM TO 7ː00 PM', '11ː00 AM TO 4ː00 PM', '1-E-30', 'SUKHARIA NAGAR', '14399188031439919182.jpg', 'DIVOJ HOSPITAL', 'FULLY AC OT\nWARD\nCAESAREAN DELIVERY\nPAINLESS DELIVERY \nANTENATAL CARE\nMTP , FAMILY PLANING\nLABOUR ROOM\nHYSTERECTOMY\nTUBECTOMY\nTABOPLASTY\nALL KIND OF OPERATIONS RELATED TO GYNECOLOGY\n\n', '1-E-30', 'SUKHARIA NAGAR', 19, 1, 0, 0, '', '', '', 0, 1),
(41, 1, 1, 'DR DHARMVEER GUPTA', '9414381429', 'dr.dvgupta@yahoo.in', 'MD INTERNAL MEDICINE \nCONSULTANT PHYSICIAN', 200, '9ː00 AM TO 11ː00 AM\n3ː30 PM TO 7ː00 PM', '11ː00 PM TO 3ː00 PM', '12ː00 PM TO 2ː00 PM', '2-C-8', 'SUKHARIA NAGAR', '14398291511439829540.JPG', 'GANGA RAM BANSAL SUPERSPECIALITY HOSPITAL', 'ICU\nLAB\nINDOOR\nECG', '3-B-1', 'JAWAHAR NAGAR, MEERA MARG', 19, 1, 0, 0, '', '', '', 0, 1),
(42, 16, 1, 'DR RAKESH CHHABRA', '9414518117', 'drrakeshchhabra@gmail.com', 'MS FICS\nSURGICAL ONCOLOGIST', 200, '', '10ː00 AM TO 2ː00 PM\n', '10ː00 AM TO 2ː00 PM', '', '', '14398306791439831097.JPG', 'MAXCARE HOSPITAL AND CANCER CARE CENTRE', 'ALL TYPE OF CANCER DIAGNOSIS AND TREATMENT \nLAPROSCOPIC SURGERY\nAPPENDIX OPERATION\nUTREUS OPERATION', 'OPP ANDH VIDHYLAYA', 'HANUMANGARH ROAD', 19, 1, 0, 0, '', '', '', 0, 1),
(43, 15, 1, 'DR SATYAM SHARMA', '9929980176', 'drsatyamsharma@yahoo.com', 'Mch UROLOGY', 300, '8ː00 AM TO 10ː00 AM\n6ː00 PM TO 8ː00 PM', '10ː00 AM TO 6ː00 PM', '5ː00 PM TO 8ː00 PM AT RESIDENCE', '8-A-20', 'JAWAHAR NAGAR', '14398316071439831730.jpg', 'JUBIN MULTISPECIALITY HOSPITAL', 'ALL UROLOGICAL SURGERY\nGENERAL SURGERY\nKINDEY TRANSPLANT AND DIALYSIS', '4/94-95 ', 'SUKAHARIA  NAGAR SHOPPING CENTRE', 19, 1, 0, 0, '', '', '', 0, 1),
(44, 10, 2, 'DR SHAILESH GOYAL', '9414089231', 'arpansgnr@gmail.com', 'MS ENT', 200, '', '9ː00 AM TO 7ː00 PM\n', '10ː00 AM TO 2ː00 PM', '', '', '14398739801439874231.JPG', 'ARPAN HOSPITAL', 'ENT ENDOSCOPIC SURGERY\nGESTROSCOPY\nBRONCHOSCOPE\nDEAFNESS CLINIC\nICU\nLAB\nAUDIOMETERY\nTYMPANOMETERY\nOAE\nBERA\nASSR\nX RAY \nECG\n', '1-B-2', 'SUKHARIA NAGAR', 19, 1, 0, 0, '', '', '', 0, 1),
(45, 5, 4, 'DR ASHISH CHHABRA', '9414209915', 'ashchhabra84@gmail.com', 'DNB ORTHO\nCONSULATANT ORTHOPAEDICS SURGEON', 200, '', '10ː00 AM TO 2ː00 PM', '10ː00 AM TO 2ː00 PM', '3/101', 'HOUSING BOARD', '14398975701439897989.jpg', 'TANTIA GENERAL HOSPITAL', 'TRAUMA CARE\nARTHROSCOPY\nC-ARM\nKNEE AND HIP REPLACEMENT', 'SUKHARIA MARG', '', 19, 1, 0, 0, '', '', '', 0, 1),
(46, 5, 3, 'DR SUBHASH RAJOTIA', '9829071881', 'dr.subhashrajotia@gmail.com', 'MS ORTHO\nBONE AND JOINT SPECIALIST', 100, '', '10ː00 AM TO 2ː00 PM\n 6ː00 PM TO 8ː00 PM', 'NOT AVAILABLE', '', '', '', 'RAJOTIA HOSPITAL', 'COMPLETE MODULAR STEEL OPERATION THEATRE\nFOR JOINT REPLACEMENT\nORTHROSCOPIC\nDIGITAL X RAY\nALL KIND OF OPERTIONS\nFACILITY OF PHYSIOTHERAPIST', 'F 13-14', 'MODEL TOWN', 19, 1, 0, 0, '', '', '', 0, 1),
(47, 17, 5, 'DR ADITYA MARKANDAY', '9828388889', 'aditya_@yahoo.co.in', 'DENTIST', 200, '', '9ː00 AM TO 2ː00 PM\n5ː00 PM TO 7ː00 PM', '10ː00 AM TO 12ː30 PM', '2-B-18', 'SUKHARIA NAGAR', '14398781811439878331.jpg', 'BAHL HOSPITAL', 'DENTAL IMPLANT\nSINGLE VISIT ROOT CANAL TREATMENT\nBLEACHING\nCOSTMETIC DENTISTRY\nORTHODONTIC TREATMENT', 'CHAHAL CHOWK , HANUMANGARH ROAD ', '', 19, 1, 0, 0, '', '', '', 0, 1),
(48, 17, 4, 'DR SHALINI MARKANDAY', '9799332266', 'shalini786u@gmail.com', 'DENTIST', 200, '10ː00 AM TO 7ː00 PM', '', '11ː00 AM TO 2ː00 PM', '2-B-18', 'SUKHARIA NAGAR', '14398785831439878937.jpg', '', 'DENTAL IMPLANT\nSINGLE VISIT RCT\nBLEACHING\nCOSMETIC DENTISTRY\nORTHODONTIC TREATMENT', '', '', 19, 1, 0, 0, '', '', '', 0, 1),
(49, 17, 26, 'DR SANJAY JASUJA', '9828358004', 'jasujatooth@gmail.com', 'BDS, MDS (pursuing)\nORTHODONTIST', 100, '', '10ː00 AM TO 2ː30 PM\n 4ː00 PM TO 8ː00 PM', 'BY APPOINTMENT', '5-B-4', 'JAWAHAR NAGAR', '', 'TOOTH CLINIC , JASUJA DENTAL CLINIC', 'CORRECTION OF MALALIGNED TEETH\nIMPLANTS', '118-119 SUKHARIA SHOPPING CENTRE', '', 19, 1, 0, 0, '', '', '', 0, 1),
(50, 4, 1, 'DR DIVIJ SHARMA', '8239044122', 'divij.22@gmail.com', 'MD PEDIATRICIAN\n', 200, '', '9ː00 AM TO 2ː00 PM\n5ː00 PM TO 7ː00 PM', '9ː00 AM TO 2ː00 PM', 'B-4 MADAN VIHARJ', 'JAWAHAR NAGAR', '14406771951440677554.jpg', 'BAHL HOSPITAL', 'NURSERY\nAC ROOMS\nLAB\nVACCINATION\nMEDICAL STORE\n', 'CHAHAL CHOWK NEAR CGR MALL', 'CAHAL CHOWK , HANUMANGARH ROAD', 19, 1, 0, 0, '', '', '', 0, 1),
(51, 6, 6, 'DR RAVI SHANKER GOYAL', '9414246517', 'drravishankergoel@gmail.com', 'GENERAL & LAPAROSCOPIC SURGEON\n', 200, '', '9ː30 AM to 2ː30 PM\n5ː00 PM TO 7ː00 PM', '11ː00 AM TO 2ː00 PM', 'D-12 MADAN VIHAR', ' JAWAHAR NAGAR, BEHIND GIRI HOSPITAL', '14398983751439898484.jpg', 'SHUBHAM MULTISPECTIALITY HOSPITAL', 'GEN OPD\nINDOOR\nWELL EQUIPPED OT\nGEN SURGERY\nGYNECOLOGY SURGERY\nEMERGENCY CARE\n', 'D-12 MADAN VIHAR', 'JAWAHAR NAGAR, BEHIND GIRI HOSPITAL', 19, 1, 0, 0, '', '', '', 0, 1),
(52, 22, 1, 'DR ANJALI SHARMA', '9521862919', '', 'BPT, MPT (NEUROLOGY)\nCLINICAL PHYSIOTHERAPIST', 150, '10ː00 AM TO 2ː00 PM\n4ː00 PM TO 8ː00 PM', '', '10ː00 AM TO 2ː00 PM', '1-A-9', 'SUKHARIA NAGAR', '14400008391440001020.jpg', '', 'NEURO PHYSIOTHERAPY\nORTHOPEDIC PHYSIOTHERAPY\nGERIATRIC PHYSIOTHERAPY\nMUSCULO SKELETAL INJURY PHYSIOTHERAPY\nCONSULTANT PHYSIOTHERAPY\nHOME CARE PHYSIOTHERAPY\nLOW BACK PAIN\nBALANCE EXERCISE\nGAIT TRAINING\nPOSTURAL TRAINING\nCRYOTHERAPY\nSLIPPED DISK\nELECTRICAL STIMULATION\n', '', '', 19, 1, 0, 0, '', '', '', 0, 1),
(53, 17, 1, 'DR MANISH SETIA', '9414088661', 'drsetia@hotmail.com', 'CONSULTANT DENTAL SURGEON', 150, '', '10ː00 AM TO 2ː00 PM\n 5ː00 PM TO 7ː00 PM', 'NOT AVAILABLE', '', '', '14399187571439919154.jpg', 'DIVOJ HOSPITAL', 'ADAVANCED DENTAL & MATERNITY CARE\nFULLY FURNISHED O.T.\nLABOUR ROOM\nDELUXE ROOM', '1-E-30', 'SUKHARIA NAGAR', 19, 1, 0, 0, '', '', '', 0, 1),
(54, 17, 16, 'DR L.D. GUPTA', '0154-2471464', '', 'B.D.S\nDENTAL SURGEON\n45 YEARS EXPEREINCE\n', 150, '10ːAM TO 1ː00 PM', '4ː00 PM TO 7ː00 PM', '10ː00 AM TO 1ː00 PM', '32', 'B BLOCK', '14406740461440674366.jpg', 'L.D.s'' MULTISPECIALITY DENTAL & IMPLANT CARE', 'ADAVANCED RCT\nIMPLANTS\nFIXED TEETH\nCOSMETICS SURGERY\nPEDIATRIC DENTISTRY', '32', 'B BLOCK', 19, 1, 0, 0, '', '', '', 0, 1),
(55, 17, 17, 'DR RENU JASUJA', '9828538004', 'jasujatooth@gmail.com', 'BDS\nORO DENTAL SURGEON', 100, '', '10ː00 AM TO 2ː30 PM\n4ː00 PM TO 8ː00 PM', 'BY APPOINTMENT', '5-B-4', 'JAWAHAR NAGAR', '', 'TOOTH CLINIC, JASUJA DENTAL CLINIC', 'RCT\nCROWNS\nFIXED DENTURE\nSMILE DESIGNING', '118-119 SUKHARIA SHOPPING CENTRE', '', 19, 1, 0, 0, '', '', '', 0, 1),
(56, 17, 18, 'DR.MONIKA AGGARWAL', '9462428749', 'atulaggarwaldr@gmail.com', 'B.D.S.', 100, '', '10ː00 AM TO 2ː00 PM\n5ː00 PM TO 8ː00 PM', '10ː00 AM TO 2ː00 PM', '1- VRINDAVAN VIHAR', '', '', 'FAMILY DENTAL CARE', 'ULTRASONIC ROOT CANAL TREATMENT\n', '2-C-10', 'JAWAHAR NAGAR , BEHIND SHIAG HOSPITAL ROAD', 19, 1, 0, 0, '', '', '', 0, 1),
(57, 17, 19, 'DR JASVINDER KAUR DHILLON', '9928034319', 'drjasvinder30@gmail.com', 'BDS\nDENTAL SURGEON', 100, '6ː00 PM TO 8ː00 PM', '9ː00 AM TO 1ː30 PM', 'BY APPOINTMENT', '301', 'SECTOR 1, HOUSING BOARD , JAWAHAR NAGAR', '14406958241440696033.jpg', 'PARBRAHM DENTAL CLINIC', 'SINGLE SITTING RCT\nCOSMETIC FILLINGS\nSCALING & CURRETAGE\nFIXED PROTHESIS\n', '132 SUKHRIA SHOPPING CENTRE , NEAR BCA SCHOOL', '', 19, 1, 0, 0, '', '', '', 0, 1),
(58, 15, 2, 'DR KAILASH FALOR', '9414282288', 'drkailashfalor@gmail.com', 'M.S. (GENERAL SURGERY)\nM.Ch (UROLOGY)', 300, '10ː00 AM TO 2ː00 PM', '', 'ON APPOINTMENT', '34-35', 'VRINDAVAN VIHAR', '', '', '', '', '', 19, 1, 0, 0, '', '', '', 0, 1),
(59, 10, 5, 'DR PRITHVI SINGH CHAUDHARY', '0154-2472686', '', 'M.S. ENT', 200, '9ː00 AM TO 2ː00 PM\n5ː00 PM TO 7ː00 PM', '', '11ː00 AM TO 3ː00 PM', '2-C-15', 'SUKHARIA NAGAR', '14399195361439919786.JPG', '', '', '', '', 19, 1, 0, 0, '', '', '', 0, 1),
(60, 5, 5, 'DR SURESH RANWA', '9414088993', 'drsranwa@hotmail.com', 'ORTHOPAEDIC', 200, '', '11ː00 AM TO 4ː00 PM\n ', 'NOT AVAILABLE', '93', 'B BLOCK', '', 'RANWA HOSPITAL', 'ORTHO RELATED TRAUMA CENTRE', '38', 'P BLOCK', 19, 1, 0, 0, '', '', '', 0, 1),
(61, 2, 6, 'DR.V.D. SINGH', '9462177555', 'vdsingh68@gmail.com', 'MD D.P.M.\nNEURO PSYCHIATRIST', 200, '', '10ː00 AM TO 5ː00 PM', 'ONLY ON EMERGENCY', '', '', '', 'SHIAG HOSPITAL', 'INDOOR\nOPD\nEEG\nECT\nBIOFEEDBACK\nICU\nOT', 'GAGAN PATH', '', 19, 1, 0, 0, '', '', '', 0, 1),
(62, 2, 5, 'DR NEENA CHADHA', '', '', 'CLINICAL PSYCHOLOGIST', 200, '', '10ː00 AM TO 6ː00 PM', 'ON CALL', '', '', '', 'TEK CHAND SIDANA MEMORIAL PSYCHIATRIC HOSPITAL & DEADDICTION CENTRE', 'rTMS\nEEG AND BRAIN MAPPING\nSEX THERAPY\nECG MACHINE\nMULTI BEHAVIOUR THEARPY\nDAY CARE CENTRE\nMEDITATION CENTRE\nDIGITAL VIDEO EEG\nMENTAL RETARDATION CENTRE\nDEADDICTION CLINIC\nEPILEPSY CLINIC\nPSHYCO SEXUAL CLINIC\nHEADACHE CLINIC\n', '1-B-4', 'SUKHARIA NAGAR', 19, 1, 0, 0, '', '', '', 0, 1),
(63, 1, 16, 'DR. PRAVEEN MAKKER', '9414088273', 'drpmak@rediffmail.com', 'MD (INT-MEDICINE)\nCONSULTANT PHYSICIAN', 200, '', '10ː00 AM TO 3ː00 PM\n 6ː00 PM TO 8ː00 PM\n', 'NOT AVAILABLE', '8-C-2', 'JAWAHAR NAGAR', '14399687081439969163.jpg', 'SIHAG HOSPITAL', 'ICU\nABG\nVENTILATOR\nBIPAeP\nDIALYSIS', 'JAWAHAR NAGAR', 'GAGAN PATH', 19, 1, 0, 0, '', '', '', 0, 1),
(64, 17, 14, 'DR C.P. AGGARWAL', '9462177055', '', 'B.D.S. DENTIST', 100, '', '9ː30 AM TO 1ː30 PM\n4ː30 PM TO 8ː00 PM', '10ː00 AM TO 2ː00 PM', '16 J BLOCK', 'NEAR BIRBAL CHOWK', '14402298121440230003.jpg', 'AGGARWAL DENTAL CLINIC', 'R.C.T. & IMPLANT CENTRE\nORTHODONTIC TREATMENT\nEXTRACTION, SURGICAL EXTRACTION\nFLAP SURGERY\nCOMPLETE DENTURE', 'NEELKANTH COMPLEX ', '16 G BLOCK , SHOP NO 7', 19, 1, 0, 0, '', '', '', 0, 1),
(65, 17, 7, 'DR TAPISH GARG', '9799816770,7597829303', 'drtapish@yahoo.co.uk', 'MDS\nENDODONTIST', 200, '', '10ː00 AM TO 7ː00 PM', 'WITH APPOINTMENT', '64', 'B BLOCK', '14402289851440229356.jpg', 'DR. TAPISH GARG DENTAL CARE & COSMETIC CENTRE', 'LASER RCT (SINGLE SITTING)\nDENTAL LASER\nDENTAL IMPLANT\nDENTAL COSMETIC TREATMENT\nORTHODONTICS TREATMENT\nBLEACHING\n', '2-A-40 SUKHADIA NAGAR ', '', 19, 1, 0, 0, '', '', '', 0, 1),
(66, 1, 4, 'DR ASHOK GARG', '9414088303', 'drashokgargsgnr@gmail.com', 'MD PHYSICIAN', 200, '', '10ː00 AM TO 4ː00 PM\n 6ː00 PM TO 8ː00 PM', '10ː00 AM TO 4ː00 PM', '64', 'B BLOCK', '14411814541441181579.JPG', 'ASHOK GARG HOSPITAL ', 'ADMISSION FACILITY\nAC ROOMS\nICCU\nMONITAR\nDEFAB', '2-A-40', 'SUKHARIA NAGAR', 19, 1, 0, 0, '', '', '', 0, 1),
(67, 17, 9, 'DR MEENU GARG', '9799816770,7597829303', 'drtapish@yahoo.co.uk', 'MDS\nENDODONTIST', 200, '', '10ː00 AM TO 7ː00 PM', 'ON APPOINTMENT', '64', 'B BLOCK', '14413703611441370539.jpg', 'DR TAPISH GARG DENTAL CARE AND COSMETIC CENTRE', 'LASER RCT (SINGLE SITTING)\nDENTAL LASER\nLASER IMPLANT\nDENTAL COSMETIC TREATMENT\nORTHODONTIC\n', '2-A-40', 'SUKHARIA NAGAR', 19, 1, 0, 0, '', '', '', 0, 1),
(68, 3, 3, 'DR SARITA  OPNEJA', '9414088569', 'saritaopneja@gmail.com', 'MS (OBS & GYNAE)\nSENIOR CONSULTANT', 200, '', '10ː00 AM TO7ː00 PM', '10ː00 AM TO 2ː00 PM', '59 SUKHARIA SHOPPING CENTRE', ' SUKHARIA MARG', '14401327841440133098.JPG', 'SHAKUNTLA NURSING HOME', 'AC ROOMS\nEQUIPPED LAB\nOT\nINDOOR\nCORPOSCOPY\nINFIRTILITY SPECIALEST\nMONTHLY VISIT ː DR TUSHAR OPNEJA ( HAIR & SKIN  SPECILITY) FOR HAIR TRANSPLANT', '59 SUKHARIA SHOPPING CENTRE', 'SUKHARIA MARG', 19, 1, 0, 0, '', '', '', 0, 1),
(69, 1, 10, 'DR BHARAT MAYYER', '9414096701', '', 'MD PHYSICIAN', 100, '9ː 00 AM TO 11ː00 AM', '11ː00 AM TO 3ː30 PM\n5ː30 PM TO 7ː30 PM\n\n', '10ː00 AM TO 2ː00 PM', '24-H-A BLOCK', 'NEAR KHATRI DHARMSHALA', '14407769561440777344.jpg', 'MAYYAR HOSPITAL', 'AC ROOMS\nOT\nICU WITH VENTILATOR\nLAB\nMEDICAL STORE\nAMBULANCE', '7-H-A', 'BLOCK ', 19, 1, 0, 0, '', '', '', 0, 1),
(70, 17, 20, 'DR SANDEEP KAUR', '9461569823', 'sandeepkaur15586@gmail.com', 'DENTAL SURGEON', 100, '', '10ː00 AM TO 2ː30 PM\n 4ː00 PM TO 8ː00 PM', '', '', '', '14402308841440231351.jpg', 'DR. BATRA DENTAL CARE', 'ALL TYPE OF DENTAL TREATMENT', '38 P BLOCK', 'OPP. OBC BANK , NEAR KAUSHIK NURSING HOME', 19, 1, 0, 0, '', '', '', 0, 1),
(71, 17, 21, 'DR NISHESH BATRA', '9461569823,9785330005', 'nisheshbatra@yahoo.com', 'DENTAL SURGEON', 100, '', '10ː00 AM TO 2ː30 PM\n4ː00 PM TO 8ː00 PM', '', '', '', '14402314841440231705.jpg', 'DR BATRA DENTAL CARE', 'ALL TYPE OF DENTAL TREATMENT\nORTHO TREATMENT & IMPLANT', '38 P BLOCK', 'OPP OBC BANK, NEAR DR KAUSHIK NURSING HOME', 19, 1, 0, 0, '', '', '', 0, 1),
(72, 2, 4, 'DR S.K. PATNI', '9414090325', '', 'PSYCHIATRIST', 250, '2ː00 PM TO 5ː00 PM', '5ː00 PM TO 7ː00 PM', 'FULL DAY', '144', 'H BLOCK', '14402317321440232103.JPG', '', 'DAY CARE CENTRE\n9ː00 AM TO 6ː00 PM PSY SERVICE', '14-C HANUMAN NAGAR ', '', 19, 1, 0, 0, '', '', '', 0, 1),
(73, 17, 22, 'DR SUNITA GUPTA', '9413229247', 'drsunitagupta@gmail.com', 'DENTAL SURGEON', 0, '', '8ː00 AM TO 12ː00 PM\n5ː00 PM TO 7ː00 PM', '', '', '', '14405884071440588892.JPG', 'GOVT HOSPITAL ', 'DENTAL FILLING\nDENTAL EXTRACTION\nFRACTURE VANDIBLE', 'SURATHGARH ROAD', '', 19, 1, 0, 0, '', '', '', 0, 1),
(74, 4, 6, 'DR. DHARMESH GARG', '9829076004', 'drdharmeshkumargarg@gmail.com', 'PEDIATRICIAN', 250, '', '9ː00 AM TO 2ː00 PM\n5ː00 PM TO 7ː00 PM', '9ː00 AM TO 2ː00 PM', '3-D-1', 'SUKHARIA NAGAR', '14406106631440610913.JPG', 'BIKANER SISHU HOSPITAL', 'NICU\nAC ROOMS\nGENERAL WARD\nOT\nLABOUR ROOM\nCOMPLETE DELIVERY FACILITY\n', '3-D-1 ', 'SUKHARIA NAGAR', 19, 1, 0, 0, '', '', '', 0, 1),
(75, 4, 7, 'DR KIRAN GARG', '9461078899', 'kirangarg858@gmail.com', 'PEDIATRICS', 200, '', '10ː00 AM TO 2ː00 PM\n 5ː30 PM TO 7ː30 PM', '10ː00 AM TO 2ː00 PM\n 5ː30 PM TO 7ː30 PM', '5-A-4 ', 'MEERA MARG', '14402335411440233863.JPG', 'SATYAM MULTISPECIALITY HOSPITAL', 'PEDIATRICS\nGYNECOLOGY\nNICU\n', '5-A-5 ', 'MEERA MARG', 19, 1, 0, 0, '', '', '', 0, 1),
(76, 6, 2, 'DR RAJENDER MITTAL', '9414088530', '', 'LAPROSCOPIC & ENDOSCOPIC SURGEON\nEX. SURGEON - SIR GANGA RAM HOSPITAL DELHI\nPBM HOSPITAL BIKANER\n', 200, '', '9ː00 AM TO 1ː00 PM', '', '', '', '14402345151440234998.jpg', 'AANCHAL HOSPITAL', '', '3-B-4 JAWAHAR NAGAR , MEERA MARG', 'NEAR PRATAP KESRI OFFICE', 19, 1, 0, 0, '', '', '', 0, 1),
(77, 11, 1, 'DR. RICHA PERIWAL', '9587033069', 'draditya81@yahoo.com', 'DERMATOLOGIST & COSMETOLOGIST', 200, '', '10ː00 AM TO 3ː00 PM', '10ː30 AM TO 1ː30 PM', '2/A/10 SUKHARIA NAGAR', '', '14410236091441023952.jpg', 'PERIWAL NURSING HOME', 'SURGEON\nPHYSICIAN\nONCO SURGEON\n', '2-A-10 SUKHADIA NAGAR', '', 19, 1, 0, 0, '', '', '', 0, 1),
(78, 17, 12, 'DR DESHBANDHU GUPTA', '9829243257', '', 'BDS\nMIDA', 100, '9ː00 AM TO 4ː00 PM AT CLINIC', '5ː00 PM TO 8ː00 PM', '10ː00 AM TO 2ː00 PM', 'GUPTA DENTAL CLINIC', 'PURANI ABADI SABJI MANDI KAE PASS', '14423272841442327764.jpg', 'MAHARAJA AGARSEN GENERAL HOSPITAL', 'FEES AT HOSPITAL 50/- RS, AT CLINIC 100/-RS.\nRCT\nORTHODONTIC TREATMENT\nIMPLANT\nFIXED TEETH\nBLEACHING\nALL TYPE OF DENTAL TREATMENT\nOT\nICU\nNISU\nLAB', 'AGRASEN HOSPITAL', '', 19, 1, 0, 0, '', '', '', 0, 1),
(79, 3, 7, 'DR. NAINI MAYYAR', '9829317700', 'naini60mayyar@gmail.com', 'MBBS, DIP.G.O', 150, '9ː00 AM TO 10ː30 AM', '11ː00 AM TO 3ː00 PM', '10ː00 AM TO 2ː00 PM', '24 H-A BLOCK', 'NEAR KHATRI DHARMSHALA', '14406063581440606806.JPG', 'MAYYAR HOSPITAL', 'AC ROOMS\nOT\nLAB\nDELIVERY AND ALL OPERATIONS\nMEDICAL STORE\nAMBULANCE', '7-H-A BLOCK', '', 19, 1, 0, 0, '', '', '', 0, 1),
(80, 1, 8, 'DR ANIL KHURANA', '9414093681', 'dranilkurana67@gmail.com', 'MD PHYSICIAN\nINTERNAL MEDICINE', 100, '8ː00 AM TO 10ː00 AM\n1ː30 PM TO 4ː30 PM\n7ː00 PM TO 8ː30 PM', '10ː00 AM TO 1ː00 PM\n 5ː00 PM TO 6ː00 PM', '10ː00 AM TO 12ː00 PM\n1ː00PM TO 5ː00 PM AT HOME', '37 MUKHERJEE NAGAR', '', '14406074541440607678.JPG', 'TANTIA GENERAL HOSPITAL', 'ICU\nLAB\n XRAY\nECG\nINDOOR\nCT\nMRI', 'SUKHADIA MARG , JAWAHAR NAGAR ', '', 19, 1, 0, 0, '', '', '', 0, 1),
(81, 16, 2, 'DR. ADITYA PERIWAL', '9587033069', 'drperiwaladitya@gmail.com', 'CONSULTANT ONCO SURGEON\n(CANCER SURGEON)\nFELLOWSHIP GI& HEPATOVILIARY SURGERY\nTATA MEMORIAL HOSPITAL\nEX RESIDENT TATA MEMORIAL HOSPITAL MUMBAI\n', 200, '', '10ː00 AM TO 3ː00 PM', '10ː00 AM TO 1ː00 PM', '2-A-10 SUKHARIA NAGAR', '', '14410236881441024083.jpg', 'PERIWAL NURSING HOME', 'ICU\nOPERATION THEATRE\nA.C. ROOMS\nCHEMO THERAPY', '2-A-10 SUKHARIA NAGAR', '', 19, 1, 0, 0, '', '', '', 0, 1),
(82, 1, 6, 'DR DEEPAK GARG', '9413207817', 'drdeepak45@gmail.com', 'MD PHYSICIAN', 200, '5ː00 PM TO 7ː00 PM', '9ː00 AM TO 3ː00 PM', 'NOT AVAILABLE', '6-B-7', 'JAWAHAR NAGAR', '14406089451440609411.JPG', 'PERIWAL NURSING HOME', 'ICU\nOT\nECG\nAC ROOMS\nLAB\nCHEMO THERAPY', '2-A-10 SUKHARIA NAGAR', '', 19, 1, 0, 0, '', '', '', 0, 1),
(83, 24, 1, 'DR CHARANJEET SINGH', '9414225433', 'sgnhh@yahoo.com', 'B.SC, BHMS, MD (Hom)\nHOMOEOPATHIC PHYSICIAN & CONSULTANT', 300, '', '1ː00 PM TO 8ː00 PM', 'NOT AVAILABLE', '147 MUKHERJEE NAGAR', '', '14406745801440674913.jpg', 'SRI GURU NANAK HOMOEOPATHIC HOSPITAL', 'CHRONIC CASE\nCANCER\n', '1-H- BLOCK', '', 19, 1, 0, 0, '', '', '', 0, 1),
(84, 3, 9, 'DR BHARTI BANSAL', '9602974074', 'drbhartibansal@yahoo.com', 'MS (OBS & GYNAE)\nINFERTILITY / IVF SPECIALIST ( Lilavati Hospital, Mumbai)\nSPECIALIST IN IVF / ICSI', 200, '', '10ː00 AM TO 3ː00 PM', 'NOT AVAILABLE', '', '', '', 'JEEVAN SHREE IVF & INFERTILITY CENTRE', 'TEST TUBE BABY\nIUI\nSEMEN FREEZING\nED-OD\nHYSTEROSCOPY\nWELL-FURNISHED AC ROOMS \nPHARMACY\nBIOCHEMISTRY LAB\n', 'BANSAL HOSPITAL ,71-G BLOCK', 'GAUSHALA ROAD , NEAR BHATIA PETROL PUMP', 19, 1, 0, 0, '', '', '', 0, 1),
(85, 15, 3, 'DR. UJJWAL BANSAL', '9602974074,9530395333', 'drujjwalbansal@yahoo.com', 'M.Ch. (Urology) (Mumbai) Gold Medalist\nMS (General Surgery), MBBS\nUrologist/Andrologist/Transplant Surgeon', 250, '', '10ː00 AM TO 3ː00 PM', '11ː00 AM TO 1ː00 PM', '', '', '', 'BANSAL SUPERSPECIALITY HOSPITAL', 'UROLOGY\nKIDNEY STONE\nPROSTATE\nURINE PROBLEM\nWELL-FURNISHED AC ROOMS \nPHARMACY\nBIOCHEMISTRY LAB\n', '71-G BLOCK', 'GAUSHALA ROAD', 19, 1, 0, 0, '', '', '', 0, 1),
(86, 6, 8, 'DR. RAM KRISHAN THAREJA', '9414087838', '', 'MS GEN. SURGERY\n( LAPROSCOPIC SURGEON)', 200, '', '8ː00 AM TO 7ː00 PM', '10ː00 TO 2ː00 PM', '83-G BLOCK', '', '14406925141440692630.JPG', 'THAREJA HOSPITAL', 'SURGERY\nGYANE\nLAB', '83-G BLOCK', 'OPP. EX-MLA RADHEYSHYAM''S HOUSE', 19, 1, 0, 0, '', '', '', 0, 1),
(87, 3, 10, 'DR. NIKITA THAREJA', '9460028288', 'drnikitathareja@yahoo.com', 'GYNAE', 200, '', '10ː00 AM TO 7ː00 PM', '10ː00 AM TO 2ː00 PM', '83-G BLOCK', '', '14406930251440693170.jpg', 'THAREJA HOSPITAL', 'GYNAE\nSURGERY', '83-G BLOCK', '', 19, 1, 0, 0, '', '', '', 0, 1),
(88, 3, 11, 'DR.S.N. GUPTA', '9461078765', 'drguptasn@gmail.com', 'OBSTETRICS & GYNECOLOGIST', 200, '', '10ː00 AM TO 2ː00 PM\n 5ː00 PM TO 7ː00 PM', '10ː00 AM TO 2ː00 PM', '', '', '', 'CITY HOSPITAL', 'INDOOR\nNURSERY\nSEMEN BANK\nPEDIATRIC OPD\n', '45 MODEL COLONY', '', 19, 1, 0, 0, '', '', '', 0, 1),
(89, 3, 12, 'DR SUNEETA CHAUDHARY', '9414087142', 'akashat.chaudhary@gmail.com', 'OBS.& GYANAE', 200, '', '10ː00 AM TO 2ː30 PM\n 5ː00 PM TO 7ː30 PM', '10ː00 AM TO 2ː30 PM', '8-C-7 ', 'JAWAHAR NAGAR', '', 'CHAUDHARY MATERNITY & DENTAL CARE', 'FULLY EQUIPPED LABOUR ROOM\nOT\nAC PRIVATE ROOMS\nWARD', '8-C-16 JAWAHAR NAGAR , NEAR GOODSHEPHARD PUBLIC SCHOOL', '', 19, 1, 0, 0, '', '', '', 0, 1),
(90, 17, 8, 'DR ANUPAM BANSAL', '9982244939', '', 'ORAL & MAXILLOFACIAL SURGEON', 100, '', '9ː00 AM TO 2ː00PM\n4ː00 PM TO 7ː00PM', '10ː00 AM TO 2ː00 PM', 'OPPOSITE RAJASTHAN ROADWAYS DEPOT', 'NEAR SHIV CIRCLE, N.H. 15', '14407772451440777685.jpg', 'BANSAL DENTAL CLINIC', 'MAXILLOFACIAL SURGERY\nIMPLANT', 'OPP. RAJASTHAN ROADWAYS DEPOT', 'NEAR SHIV CIRCLE ,N.H. 15', 19, 1, 0, 0, '', '', '', 0, 1),
(91, 6, 1, 'DR T.S. SINGH', '9929186122', 'sanaihealthcare@yahoo.com', 'LAPAROSCPOIC & GEN SURGEON', 200, '', '12ː00 NOON TO 2ː00 PM', '', 'SHRI OM SAI HOSPITAL', '17 SECTOR MARKET , HANUMANGARH ROAD', '', 'SHRI OM SAI HOSPITAL', 'BARIATRIC SURGERY\nLAPROSCOPIC SURGERY\nUROLOGY\nGYNEC & OBSTRETICS\nPLASTIC SURGERY\nCOSMETIC SURGERY\nHAIR TRANSPLANT\nTRAUMA\nICU\nPHYSICIAN', '17 SECTOR MARKET', 'HANUMANGARH ROAD', 19, 1, 0, 0, '', '', '', 0, 1),
(92, 1, 15, 'DR. MAHABIR PRASAD AGARWAL', '9413615863', '', 'MD PHYSICIAN', 100, '9ː00 AM TO 10ː00 AM\n3ː00 PM TO 4ː00 PM', '10ː00 AM TO 1ː00 PM\n5ː00 PM TO 7ː00 PM', '10ː30 AM TO 1ː00 PM', '8-A-3', 'JAWAHAR NAGAR', '14416979701441698246.jpg', 'TANTIA GENERAL HSOPITAL', 'ICU\nOT\nECG\nECHO\nTMT\nMRI\nCT\nDIGITAL X RAY\nEEG', 'SUKHADIA MARG', '', 19, 1, 0, 0, '', '', '', 0, 1),
(93, 17, 23, 'DR ASHISH SETHI', '9782035055', 'drsethiashish@gmail.com', 'DENTAL SURGEON\nORAL DENTAL & IMPLANT SURGEON', 100, '', '9ː00 AM TO 9ː00 PM', '10ː00 AM TO 2ː00 PM', '3/97 HOUSING BOARD', '', '14411817091441182186.JPG', 'DAANT DENTAL HOSPITAL AND IMPLANT CENTER', 'ALL KINDS OF DENTAL TREATMENTS', '3/97 HOUSING BOARD , NEAR RAVIDAS CHOWK', 'OPP. SANTOSHI MATA MANDIR', 19, 1, 0, 0, '', '', '', 0, 1),
(94, 17, 24, 'DR PARUL  ANEJA', '8560847666', 'drparulgagneja@gmail.com', 'MDS \nPERIODONTIST', 150, '', '10ː00 AM TO 2ː00 PM', 'NOT AVAILABLE', 'B-18 PREM NAGAR', '', '', 'DENCITY DENTAL CARE', 'IMPLANT SURGERY SPECIALIST\nGUMS SURGERY\n', 'DURGESH CINEMA ROAD, NEAR BABA RAMDEV MANDIR', '', 19, 1, 0, 0, '', '', '', 0, 1),
(95, 17, 25, 'DR VIKAS ANEJA', '8094110001', 'drvikasaneja@gmail.com', 'MDS\nMAXILLOFACIAL SURGEON', 150, '', '10ː00 AM TO 8ː00 PM', '10ː00 AM TO 2ː00 PM', 'B-18', 'PREM NAGAR', '', 'DENCITY  DENTAL CARE', 'TRAUMA CENTRE\nPATHOLOGY\nDENTAL PROCEDURES', 'DURGESH CINEMA ROAD', 'NEAR BABA RAM DEV MANDIR', 19, 1, 0, 0, '', '', '', 0, 1),
(96, 17, 27, 'DR. AKASHAT CHAUDHARY', '9694959495', 'akashat.chaudhary@gmail.com', 'MDS\nDENTIST', 200, '', '9ː30 AM TO 7ː30 PM', '10ː00 AM TO 1ː00 PM', '8-C-7 ', 'JAWAHAR NAGAR', '', 'CHAUDHARY MATERNITY & DENTAL CARE', 'FULLY EQUIPPED DENTAL CLNIC\nDIGITAL  X-RAY\nROTARY RCT\nSURGICAL IMPLANT ', '8-C-16 JAWAHAR NAGAR', 'NEAR GOOD SHEPHARD PUBLIC SCHOOL', 19, 1, 0, 0, '', '', '', 0, 1),
(97, 3, 13, 'DR RITU GARG', '9352701091', 'drritugarg51@gmail.com', 'OBSTETRICS & GYNAECOLOGY', 200, '', '10ː00 AM TO 2ː00 PM\n 6ː00 PM TO 7ː30 PM', '11ː00 AM TO 1ː00 PM', '5-A-4 ', 'JAWAHAR NAGAR', '', 'SATYAM MULTISPECIALITY HOSPITAL', 'PEDIATRICS\nGYNAECOLOGY\nLAB\nNICU', '5-A-5 JAWAHAR NAGAR', 'MEERA MARG', 19, 1, 0, 0, '', '', '', 0, 1),
(98, 9, 3, 'DR. NITIN KALLA', '9414100031', 'nitin_jashan@yahoo.co.in', 'M.S. FLVPEI (Pediatric Opthalmology)\nConsultant Opthalmologist\nPHACO & SQUINT SURGEON', 200, '', '10ː00 AM TO 6ː00 PM', '11ː00 AM TO 1ː00 PM', '748', 'JAWAHAR NAGAR', '14418888911441889382.jpg', 'SRI OM SAI CANCER & MULTISPECIALTY HOSPITAL', 'TOPICAL PHACOEMULSIFICATION\nGLAUCOMA MANAGEMENT\nPEDIATRIC EYE CARE\nSEQUIM SURGERY', 'SECTOR 17 MARKET ', 'OPP ANDHVIDHYALYA, HANUMANGARH ROAD', 19, 1, 0, 0, '', '', '', 0, 1),
(99, 26, 2, 'DR. MANISH CHHABRA', '8947919338', 'chhabradrmanish@gmail.com', 'M.D.\nCHEST & T.B.', 100, '12ː00 PM TO 4ː30 PM\n7ː00 PM TO 8ː00 PM  ', '8ː00 AM TO 12ː00 PM\n5ː00 PM TO 7ː00 PM', 'NOT AVAILABLE', '26-B BHOOP COLONY', 'STREET NO 1 , SSB ROAD', '14426760671442676312.jpg', 'GOVERMENT DIST. HOSPITAL', 'PFT\nNEBULIZATION', '', '', 19, 1, 0, 0, '', '', '', 0, 1),
(100, 3, 5, 'DR NEHA HANS ANAND', '9413585428', 'drnehahans@gmail.com', 'OBS.& GYNE', 200, '10ː00 AM TO 11ː00 AM\n5ː00 PM TO 7ː00 PM', '11ː00 AM TO 2ː00 PM', '11ː00 AM TO 2ː00 PM', '118-C PREM NAGAR', '', '14418194321441819803.jpg', 'GANGANRAM BANSAL HOSPITAL', 'GYNECOLOGY & OBSTRETICS', 'JAWAHAR NAGAR', '', 19, 1, 0, 0, '', '', '', 0, 1),
(101, 4, 3, 'DR GIRI S.R.', '9414088266', 'drsrgiri54@gmail.com', 'MD PAEDIATRICS\nSR. CHILD SPECIALIST AWARDED', 200, '', '10ː00 AM TO 7ː00 PM', '10ː00 AM TO 7ː00 PM', 'TOP FLOOR', 'GIRI HOSPITAL', '14414320491441432439.jpg', 'GIRI HOSPITAL ', 'FOR PREMATURE & SERIOUS CHILDRENS\nVACCINATION\nNICU\nPICU\nDELUXE A.C. ROOM , WARD FOR POOR PATIENTS\nOT', 'PIONEER & PREMIER CHILDREN HOSPITAL', 'SUKHADIA MARG', 19, 1, 0, 0, '', '', '', 0, 1),
(102, 11, 2, 'DR JEEVIKA KATARIA', '9413234034', 'drjeevikak12@gmail.com', 'MD\nDERMATOLOGY, VENEREOLOGY & LEPROSY', 100, '12ː00 AM TO 4ː30 PM\n7ː00 PM TO 8ː00 PM', '8ː00 AM TO 12ː00 PM\n5ː00 PM TO 7ː00 PM', '', 'H NO  26 B', 'BHOOP COLONY, STREET NO 1', '14426760971442676207.jpg', 'GOVERMENT DIST HOSPITAL', 'TREATMENT OF HAIR & NAIL DISORDERS\nRADIOCAUTERY FOR SKIN TAGS, MOLES, WARTS\n', 'SURATGARH ROAD', '', 19, 1, 0, 0, '', '', '', 0, 1),
(103, 12, 1, 'DR. ZUBIN SHARMA', '9928564905', 'drzubinsharma@yahoo.com', 'GASTROENTEROLOGIST AND INTERVENTIONAL ENDOSCOPIST\nM.D F.G.I.E (GASTROENTEROLOGY) FIAMS\nFELLOWSHIP IN ADVANCE ENDOSCOPY UNIVERSITY HOSPITAL AMSTERDAM\nFELLOWSHIP IN GASTROENTEROLOGY TATA MEMORIAL HOSPITAL MUMBAI\n\n', 200, '', '8ː30 AM TO 8ː30 PM', '10ː00 AM TO 5ː00 PM', '', '', '14416870151441687436.JPG', 'ADITYA NURSING HOME AND GASTRO CENTER', 'GASTROSCOPY\nCOLONOSCOPY\nE.R.C.P\nCHROMO ENDOSCOPY\nHEMATOLOGY\nIBS CLINIC\nG.I MOTILITY CLINIC\nDIAGNOSIC LAB', '30 PUBLIC PARK', '', 19, 1, 0, 0, '', '', '', 0, 1),
(104, 6, 7, 'DR NARESH PERIWAL', '9587033069', 'periwalnaresh@yahoo.com', 'MS \nLAPROSCOPIC SURGEON', 200, '', '10ː00 AM TO 3ː00 PM', '10ː30 AM TO 1ː30 PM', '2-A-10 SUKHADIA NAGAR', '', '14416893431441689597.jpg', 'PERIWAL NURSING HOME', 'OT\nICU\nCANCER CARE\nDERMATOLOGY\nMEDICINE', '2-A-10 SUKHADIA NAGAR', '', 19, 1, 0, 0, '', '', '', 0, 1),
(105, 6, 9, 'DR BHUPENDRA BHUTNA', '9414087433', '', 'MS\nGENERAL SURGERY', 200, '', '10ː00 AM TO 7ː00 PM', '11ː00 AM TO 4ː00 PM', '3-B-9 SUKHARIA NAGAR', '', '14416896771441690106.JPG', 'DR BHUTNA''S HOSPITAL', 'OUT DOOR\nINDOOR\nOT\nPHARMACY\nWELL EQUIPPED LABORATARY\n', '2-A-3 SUKHARIA NAGAR', '', 19, 1, 0, 0, '', '', '', 0, 1),
(106, 3, 2, 'DR JASHAN SIKHON KALLA', '9414100030', 'jasbirbani@gmail.com', 'OBSTRICIAN AND GYNECOLOGIST\nINFERTILITY SPECIALIST, LAPROSCOPIC SURGEON\n', 200, '10ː00 AM to 11ː00 AM\n5ː00 PM TO 7ː00 PM', '11ː00 AM TO 2ː30 PM', '5ː00 PM TO 7ː00 PM AT RESIDENCE', '79 G', 'JAWAHAR NAGAR', '14418889811441889448.jpg', 'SRI OM SAI MULTISPECIALITY HOSPITAL', 'ICU\nDECLIVERY\nHYSTERETOMY VAGINAL\nABDOMINAL\nLAPROSCOPY\n\n', 'SECTOR 17, HANUMANGARH ROAD', 'OPP ANDHVIDLYA', 19, 1, 0, 0, '', '', '', 0, 1),
(107, 3, 6, 'DR INDERJEET SANDHU', '7742500222', 'aashirwadhospital.sgnr@gmail.com', 'OBSTRICIAN AND GYNECOLOGIST\n', 200, '', '10ː00 AM TO 3ː00 PM\n5ː00 PM TO 6ː30 PM', '11ː00 AM TO 2ː00 PM', '2-A-37 SUKHADIA NAGAR', '', '14416982731441698731.jpg', 'AASHIRVAD HOSPITAL', 'OT\nICU\nLABOUR ROOM\nAC ROOMS\nLAB\nENDOSCOPY\nINFERTILITY CLINIC\nCANTEEN\nPHARMACY\n', '2-A-37 SUKHADIA NAGAR', '', 19, 1, 0, 0, '', '', '', 0, 1),
(108, 3, 14, 'DR ANJU SETIA', '9460312212', 'anjusetia3@gmail.com', 'OBSTRICIAN AND GYNECOLOGIST\n', 200, '', '10ː30 AM TO 3ː00 PM\n5ː30 PM TO 7ː00 PM', '10ː30 PM TO 2ː30 PM', '5 VRINDAVIHAR', '', '', 'SETIA BONE AND JOINT HOSPITAL', 'NON AC AND AC ROOMS\nFULLY EQUIPED OT\nLAB\nLABOUR ROOMS\nALL OPERATIONS RELATED TO GYNECOLOGY\n\n\n', '2 D 39  JAWAJAR NAGAR', '', 19, 1, 0, 0, '', '', '', 0, 1),
(109, 1, 11, 'DR HARSHVARDHAN', '7742500222', 'aashirwadhospital.sgnr@gmail.com', 'MD MEDICINE\n', 200, '', '10ː00 AM TO 3ː00 PM\n 5ː00 PM TO 6ː30 PM', '11ː00 AM TO 2ː00 PM', '2 A 37 SUKHARIA NAGAR', '', '14416979181441698035.jpg', 'AASHIRWAD HOSPITAL', 'OT\nICU\nLABOUR ROOM\nAC ROOMS\nLAB\nCANTEEN\nENDOSCOPY\nINFERTILITY CLINIC\n\n', '2 A 37 SUKHARIA NAGAR', '', 19, 1, 0, 0, '', '', '', 0, 1),
(110, 5, 6, 'DR RAVI BHAGAT', '9414050110', 'drravibhagat@gmail.com', 'MS ORTHO\n', 100, '12ː30 PM TO 3ː00 PM\n', '8ː00 AM TO 12ː00 PM\n5ː00 PM TO 7ː00 PM', '', '36 L BLOCK', '', '14418150381441815272.JPG', 'GOVT HOSPITAL', '', 'SURATHGARH ROAD', '', 19, 1, 29.9157606, 73.88163600000007, '', '', '', 0, 1),
(111, 3, 15, 'DR RITA BEDI', '9001006169', 'doctorbedi@rediffmail.com', 'GYNAECOLOGY AND INFERTILITY\n', 200, '', '10ː00 AM TO 2ː00 PM\n5ː00 PM TO 7ː00 PM', '11ː00 TO 1ː00 PM', '69 P BLOCK,SGNR', '', '14418157361441816136.JPG', 'RITA BEDI NURSING HOME', 'ICU\nLAB\nPATH LAB\nOPD\nINDOOR\n', '69 P BLOCK', '', 19, 1, 29.9157606, 73.88163600000007, '', '', '', 0, 1),
(112, 17, 28, 'DR NEETU JINDAL', '9929854146', 'drneetugoyal@gmail.com', 'MDS \nCONS & ENDO\n', 0, '', '9ː00 AM TO 3ː00 PM', '', '', '', '', 'SURENDRA DENTAL COLLEGE', 'SINGLE VISIT RCT', 'KARNI MARG', '', 19, 1, 0, 0, '', '', '', 0, 1),
(113, 3, 8, 'DR SAVITA LALGADIA', '9828142146', 'drsavitalalgadia@gmail.com', 'GYNECOLOGIST AND OBSTETRICIAN', 200, '', '10ː00 AM TO 3ː00 PM\n5ː00 PM TO 6ː00 PM', '', '12 VRINDAVAN VIHAR', 'GANGANPATH', '14419565371441956733.JPG', 'LALGADIA HOSPITAL', 'OT\nICU\nGENERAL AND PRIVATE ROOMS\nVENTILATOR\nHEMODIALYSIS\nECHO\nTMT\nGENERAL AND GYNECOLOGY, SURGERY\n\n\n', '96 GAGAN PATH ROAD', ' OPP BIHANI CHILDREN ACADEMY', 19, 1, 0, 0, '', '', '', 0, 1),
(114, 1, 9, 'DR MAHESH LALGADIA', '9460485118', 'drmaheshlalgadia@gmail.com', 'MD \nMEDICINE', 200, '', '9ː00 AM TO 3ː00 PM\n6ː00 PM TO 8ː00 PM', '9ː00 AM TO 3ː00 PM', '12 VIRNIDAVAN GAGAN PATH', '', '14419566331441956932.JPG', 'LALGADIA HOSPITAL', 'OT\nICU\nGENERAL AND PRIVATE ROOMS\nVENTILATOR\nHEMODIALYSIS\nECHO\nTMT\nGENERAL AND GYNECOLOGY, SURGERY\n\n\n', '96, GAGAN PATH ROAD', 'OPP BIHANI CHILDREN ACADEMY', 19, 1, 0, 0, '', '', '', 0, 1),
(115, 5, 7, 'DR VIJAY AHUJA', '9413376399', 'vijayahujadr@gmail.com', 'ORTHOPAEDICIAN', 200, '', '9ː00 AM TO 3ː00 PM', '10ː00 AM TO 1ː00 PM', '', '', '', 'SHRI BALAJI HOSPITAL', 'DIGITAL X RAYS\nLAB\nTWO OPERATION THEATRE\nAC ROOMS', 'OPP CIVIL HOSPITAL', 'SURATHGARH ROAD', 19, 1, 0, 0, '', '', '', 0, 1),
(116, 10, 5, 'DR. SANDEEP KUMAWAT', '9530015071', 'drsandeepkumawar1985@yahoo.com', 'MS ENT\n', 100, '\n', '10ː00 AM TO 6ː00 PM', '', '', '', '14419574321441957823.JPG', 'BANSAL NURSING HOME', '', 'BIKANER ROAD', 'SURATHGARH', 19, 7, 0, 0, '', '', '', 0, 1),
(117, 4, 4, 'DR. R.P. BANASIA', '9214350177', 'dr.rpbanasia@gmail.com', 'MD PAEDIATRICS\n', 100, '12ː00 PM TO 5ː00 PM\nFEES 100/-RS AT HOME', '', '', 'HOUSE NO. 1/MO', 'CIVIL HOSPITAL CAMPUS', '14419577051441957914.JPG', '', '', '', '', 19, 1, 0, 0, '', '', '', 0, 1),
(118, 3, 1, 'DR MADHU AGGARWAL', '9460094800', '', 'GYNECOLOGIST\n', 200, '', '10ː00 AM TO 5ː00 PM', '11ː00 AM TO 2ː00 PM', '', '', '14421551891442155514.jpg', 'JAIPUR SHISHU HOSPITAL CIRCLE', 'NICU\nICU\nOT\nLABOUR ROOM\nECG\n XRAY\nLAB\nSURGERY\n', '147 G BLOCK ,GAUSHALA ROAD , NEAR SUKHARIA', '', 19, 1, 0, 0, '', '', '', 0, 1),
(119, 2, 1, 'DR VISHU TANTIA', '9414024251', 'vishutantia@gmail.com', 'MBBS, MD (PSYCHIATRIST)\nMIPS,MIAAP,MIES\nNEURO PSYCHIATRIST & PSYCHOLOGIST', 200, '', '10ː00 AM TO 6ː00 PM\n24 HRS EMERGENCY FACILITY ', '10ː00 AM TO 6ː00 PM', '', '', '14434258971443426265.jpg', 'TANTIA GENERAL HOSPITAL & DE-ADDICTION CENTER', 'MULTI SPECIALTY HOSPITAL\n1.5 TELSA MRI \nMODULAR OT\nMODULAR ICU\n3D SPIRAL CT SCAN\nMAMMOGARAPHY\nDIGITAL X RAY\nEEG\nEMG /N.C.V.\nLAPROSCOPE\nULTRASOUND /COLOUR DOPPLER\nPSYCOLOGICAL TEST (I.Q. TEST)\nLAB\nPHARMACY\nCANTEEN\n', 'SUKHARIA MARG', '', 19, 1, 0, 0, '', '', '', 0, 1),
(120, 8, 1, 'DR MAHESH MAHESHWARI', '9414090686', 'tantiahospital@yahoo.co.in', 'NEURO SURGEON\nM.S. MCh. (NEUROSURGERY, JAIPUR)\nEX.RESIDENT NEUROSURGERY\nLOK NAYAK HSOPITAL DELHI', 300, '', '10ː00 AM TO 4ː00 PM\n5ː00 PM TO 7ː00 PM', '10ː00 AM TO 3ː00 PM', '', '', '14429946041442995075.jpg', 'TANTIA GENERAL HOSPITAL', 'MULTI SPECIALTY HOSPITAL\n1.5 TELSA MRI \nMODULAR OT\nMODULAR ICU\n3D SPIRAL CT SCAN\nMAMMOGARAPHY\nDIGITAL X RAY\nEEG\nEMG /N.C.V.\nLAPROSCOPE\nULTRASOUND /COLOUR DOPPLER\nPSYCOLOGICAL TEST (I.Q. TEST)\nLAB\nPHARMACY\nCANTEEN\n\n\n ', 'SUKHARIA NAGAR', '', 19, 1, 0, 0, '', '', '', 0, 1),
(121, 12, 2, 'DR SAJJAD SHEIKH', '9587558001', 'tantiahospital@yahoo.co.in', 'CONSULTANT GASTRO SURGEON\nM.S. DNB\nEX RESIDENT GASTRO SURGERY\nG.B. PANT HOSPITAL, DELHI', 300, '', '10ː00 AM TO 4ː00 PM\n5ː00 PM TO 7ː00 PM', '10ː00 AM TO 3ː00 PM', '', '', '14429949581442995151.jpg', 'TANTIA SUPER SPECIALITY & GENERAL HOSPITAL', 'MULTI SPECIALTY HOSPITAL\n1.5 TELSA MRI \nMODULAR OT\nMODULAR ICU\n3D SPIRAL CT SCAN\nMAMMOGARAPHY\nDIGITAL X RAY\nEEG\nEMG /N.C.V.\nLAPROSCOPE\nULTRASOUND /COLOUR DOPPLER\nPSYCOLOGICAL TEST (I.Q. TEST)\nLAB\nPHARMACY\nCANTEEN\n', 'SUKHARIA MARG', '', 19, 1, 0, 0, '', '', '', 0, 1),
(122, 1, 1, 'DR K.L. BANSAL', '9414092338', '', 'MD PHYSICIAN', 200, '', '10ː00 AM TO 6ː00 PM', '10ː00 AM TO 2ː00 PM', 'BANSAL NURSING HOME', 'BIKANER ROAD', '14436116681443612024.jpg', 'BANSAL NURSING HOME', 'INDOOR\nULTRASOUND\nX-RAY\nLAB', 'BIKANER ROAD', '', 19, 7, 0, 0, '', '', '', 0, 1),
(123, 1, 14, 'DR MAHESH BHARTI', '9414246606', 'drmaheshbharti@gmail.com', 'MD PHYSICIAN', 200, '1ː00 PM TO 3ː00 PM\n5ː00 PM TO 8ː00 PM', '10ː00 AM TO 1ː00 PM', '10ː00 AM TO 2ː00 PM', '112-N BLOCK', '', '14436120341443612413.jpg', 'AANCHAL HOSPITAL', 'ICU\nECG\nLAB\nPHARMACY', '3-B-4 MEERA MARG', 'JAWAHAR NAGAR', 19, 1, 0, 0, '', '', '', 0, 1),
(124, 17, 1, 'DR JAGJEET SINGH', '9829675893', 'dencity4@gmail.com', 'MDS\nPROSTHODONTIST & IMPLANTOLOGIST', 100, '', '10ː00 AM TO 2ː00 PM\n4ː30 PM TO 7ː30 PM', '', '2/1 RHB', 'SURATHGARH', '14439652211443965434.JPG', 'DENCITY DENTAL CARE', '', 'BIKANER ROAD', '', 19, 7, 0, 0, '', '', '', 0, 1),
(125, 6, 1, 'DR G.D.SHARMA', '9414092332', 'sharmagopal326@gmail.com', 'MS\nGEN SURGERY', 150, '', '10ː00 AM TO 2ː00 PM\n', 'ONLY ON EMERGENCY', 'W NO 18', 'SURATGARH', '14437999691443800467.JPG', 'G.D. HOSPITAL', 'GEN SURGERY\nGYNAE & OBSTRUCTIVE FACILITY ', 'W NO 18', '', 19, 7, 0, 0, '', '', '', 0, 1),
(126, 9, 2, 'DR ARUN KUMAR PAWAR', '9413557444', 'arunkumarpawar@gmail.com', 'EYE SURGEON\nOPHTHALMOLOGIST', 200, '', '9ː30 AM TO 2ː00 PM\n5ː00PM TO 7ː00 PM', '', '7-A-7 JAWAHAR NAGAR', 'MEERA MARG', '14449185371444919020.jpg', 'ANMOL EYE HOSPITAL', 'COMPREHENSIVE EYE CARE\nGLAUCOMA EYE CARE\nRETINA CHECK UP\nSQUINT SURGERY PEDIATRIC EYE CARE', '7-A-7 JAWAHAR NAGAR', 'MEERA MARG', 19, 1, 29.911496541035362, 73.88205187326355, '', '', '', 0, 1),
(128, 0, 0, 'sushil', '5679425856', 'sushil34@gmail.com', '', 0, '', '', '', '', '', '', '', '', '', '', 0, 0, 0, 0, '', '', '', 4, 0),
(129, 0, 0, 'admin16483', '9509434772', 'dabu@gmail.com', '', 0, '', '', '', '', '', '', '', '', '', '', 0, 0, 0, 0, '', '', '', 5, 0),
(130, 0, 0, 'Prem Singh Inda ', '9509637405', 'prem.inda@yahoo.com', '', 0, '', '', '', '', '', '', '', '', '', '', 0, 0, 0, 0, '', '', '', 6, 0);

-- --------------------------------------------------------

--
-- Table structure for table `doctor_category`
--

CREATE TABLE IF NOT EXISTS `doctor_category` (
  `id` int(11) NOT NULL AUTO_INCREMENT,
  `name` text COLLATE utf8_unicode_ci NOT NULL,
  PRIMARY KEY (`id`)
) ENGINE=InnoDB  DEFAULT CHARSET=utf8 COLLATE=utf8_unicode_ci AUTO_INCREMENT=27 ;

--
-- Dumping data for table `doctor_category`
--

INSERT INTO `doctor_category` (`id`, `name`) VALUES
(1, 'Physician'),
(2, 'Psychiatrist'),
(3, 'Gynecologist'),
(4, 'Pediatrician'),
(5, 'Orthopedician'),
(6, 'Surgeon'),
(7, 'Nephrologist'),
(8, 'Neurologist'),
(9, 'Ophthalmologist'),
(10, 'ENT Specialist'),
(11, 'Dermatologist'),
(12, 'Gastroenterologist'),
(13, 'Cardiologist'),
(14, 'Endocrinologist'),
(15, 'Urologist'),
(16, 'Oncologist'),
(17, 'Dentist'),
(18, 'General Practitioner'),
(19, 'Diagnostic Laboratory'),
(20, 'Pediatric Surgeon'),
(21, 'Blood bank'),
(22, 'Physiotherapist'),
(23, 'Ayurvedic'),
(24, 'Homeopathy'),
(25, 'Veterinanian'),
(26, 'Chest Physician');

-- --------------------------------------------------------

--
-- Table structure for table `holidays`
--

CREATE TABLE IF NOT EXISTS `holidays` (
  `id` int(11) NOT NULL AUTO_INCREMENT,
  `doc_id` int(11) NOT NULL,
  `sunday` int(11) NOT NULL,
  `monday` int(11) NOT NULL,
  `tuesday` int(11) NOT NULL,
  `wednesday` int(11) NOT NULL,
  `thursday` int(11) NOT NULL,
  `friday` int(11) NOT NULL,
  `saturday` int(11) NOT NULL,
  PRIMARY KEY (`id`)
) ENGINE=InnoDB  DEFAULT CHARSET=utf8 COLLATE=utf8_unicode_ci AUTO_INCREMENT=479 ;

--
-- Dumping data for table `holidays`
--

INSERT INTO `holidays` (`id`, `doc_id`, `sunday`, `monday`, `tuesday`, `wednesday`, `thursday`, `friday`, `saturday`) VALUES
(76, 17, 1, 0, 0, 0, 0, 0, 0),
(82, 41, 1, 0, 0, 0, 0, 0, 0),
(85, 13, 1, 0, 0, 0, 0, 0, 0),
(89, 42, 1, 0, 0, 0, 0, 0, 0),
(92, 12, 1, 0, 0, 0, 0, 0, 0),
(98, 3, 1, 0, 0, 0, 0, 0, 0),
(109, 44, 1, 0, 0, 0, 0, 0, 0),
(110, 1, 1, 0, 0, 0, 0, 0, 0),
(113, 9, 1, 0, 0, 0, 0, 0, 0),
(118, 46, 1, 0, 0, 0, 0, 0, 0),
(121, 14, 1, 0, 0, 0, 0, 0, 0),
(126, 32, 1, 0, 0, 0, 0, 0, 0),
(129, 23, 1, 0, 0, 0, 0, 0, 0),
(160, 45, 1, 0, 0, 0, 0, 0, 0),
(161, 25, 1, 0, 0, 0, 0, 0, 0),
(171, 56, 1, 0, 0, 0, 0, 0, 0),
(175, 58, 1, 0, 0, 0, 0, 0, 0),
(176, 5, 1, 0, 0, 0, 0, 0, 0),
(177, 59, 1, 0, 0, 0, 0, 0, 0),
(180, 60, 1, 0, 0, 0, 0, 0, 0),
(181, 61, 1, 0, 0, 0, 0, 0, 0),
(182, 62, 1, 0, 0, 0, 0, 0, 0),
(189, 40, 1, 0, 0, 0, 0, 0, 0),
(199, 52, 1, 0, 0, 0, 0, 0, 0),
(205, 68, 1, 0, 0, 0, 0, 0, 0),
(210, 22, 1, 0, 0, 0, 0, 0, 0),
(214, 36, 1, 0, 0, 0, 0, 0, 0),
(219, 70, 0, 0, 0, 0, 0, 0, 0),
(220, 71, 0, 0, 0, 0, 0, 0, 0),
(223, 72, 1, 0, 0, 0, 0, 0, 0),
(227, 75, 1, 0, 0, 0, 0, 0, 0),
(245, 27, 1, 0, 0, 0, 0, 0, 0),
(248, 2, 1, 0, 0, 0, 0, 0, 0),
(250, 47, 1, 0, 0, 0, 0, 0, 0),
(251, 48, 1, 0, 0, 0, 0, 0, 0),
(252, 76, 1, 0, 0, 0, 0, 0, 0),
(253, 34, 1, 0, 0, 0, 0, 0, 0),
(257, 64, 1, 0, 0, 0, 0, 0, 0),
(258, 39, 1, 0, 0, 0, 0, 0, 0),
(260, 51, 1, 0, 0, 0, 0, 0, 0),
(262, 73, 0, 0, 0, 0, 0, 0, 0),
(263, 30, 1, 0, 0, 0, 0, 0, 0),
(264, 37, 1, 0, 0, 0, 0, 0, 0),
(273, 79, 1, 0, 0, 0, 0, 0, 0),
(275, 80, 1, 0, 0, 0, 0, 0, 0),
(279, 49, 1, 0, 0, 0, 0, 0, 0),
(281, 55, 1, 0, 0, 0, 0, 0, 0),
(282, 74, 1, 0, 0, 0, 0, 0, 0),
(294, 54, 1, 0, 0, 0, 0, 0, 0),
(295, 83, 1, 0, 0, 0, 0, 0, 0),
(302, 84, 1, 0, 0, 0, 0, 0, 0),
(303, 85, 1, 0, 0, 0, 0, 0, 0),
(306, 20, 1, 0, 0, 0, 0, 0, 0),
(312, 50, 1, 0, 0, 0, 0, 0, 0),
(313, 86, 1, 0, 0, 0, 0, 0, 0),
(314, 87, 1, 0, 0, 0, 0, 0, 0),
(316, 88, 1, 0, 0, 0, 0, 0, 0),
(321, 26, 1, 0, 0, 0, 0, 0, 0),
(322, 38, 1, 0, 0, 0, 0, 0, 0),
(324, 57, 1, 0, 0, 0, 0, 0, 0),
(328, 24, 1, 0, 0, 0, 0, 0, 0),
(329, 90, 1, 0, 0, 0, 0, 0, 0),
(331, 31, 1, 0, 0, 0, 0, 0, 0),
(336, 82, 1, 0, 0, 0, 0, 0, 0),
(339, 94, 1, 0, 0, 0, 0, 0, 0),
(341, 95, 1, 0, 0, 0, 0, 0, 0),
(343, 97, 1, 0, 0, 0, 0, 0, 0),
(346, 28, 1, 0, 0, 0, 0, 0, 0),
(347, 77, 1, 0, 0, 0, 0, 0, 0),
(348, 81, 1, 0, 0, 0, 0, 0, 0),
(351, 66, 1, 0, 0, 0, 0, 0, 0),
(352, 19, 1, 0, 0, 0, 0, 0, 0),
(354, 53, 1, 0, 0, 0, 0, 0, 0),
(355, 65, 1, 0, 0, 0, 0, 0, 0),
(356, 67, 1, 0, 0, 0, 0, 0, 0),
(360, 21, 1, 0, 0, 0, 0, 0, 0),
(365, 93, 1, 0, 0, 0, 0, 0, 0),
(371, 4, 1, 0, 0, 0, 0, 0, 0),
(373, 103, 1, 0, 0, 0, 0, 0, 0),
(374, 104, 1, 0, 0, 0, 0, 0, 0),
(376, 105, 1, 0, 0, 0, 0, 0, 0),
(379, 108, 1, 0, 0, 0, 0, 0, 0),
(383, 107, 1, 0, 0, 0, 0, 0, 0),
(386, 63, 1, 0, 0, 0, 0, 0, 0),
(388, 91, 0, 0, 0, 0, 0, 0, 0),
(389, 109, 1, 0, 0, 0, 0, 0, 0),
(392, 110, 1, 0, 0, 0, 0, 0, 0),
(393, 111, 1, 0, 0, 0, 0, 0, 0),
(394, 112, 0, 0, 0, 0, 0, 0, 0),
(395, 100, 1, 0, 0, 0, 0, 0, 0),
(396, 33, 1, 0, 0, 0, 0, 0, 0),
(400, 98, 1, 0, 0, 0, 0, 0, 0),
(401, 106, 1, 0, 0, 0, 0, 0, 0),
(403, 114, 1, 0, 0, 0, 0, 0, 0),
(404, 115, 1, 0, 0, 0, 0, 0, 0),
(406, 117, 0, 0, 0, 0, 0, 0, 0),
(407, 101, 1, 0, 0, 0, 0, 0, 0),
(408, 89, 1, 0, 0, 0, 0, 0, 0),
(409, 96, 1, 0, 0, 0, 0, 0, 0),
(411, 118, 1, 0, 0, 0, 0, 0, 0),
(412, 78, 1, 0, 0, 0, 0, 0, 0),
(413, 69, 1, 0, 0, 0, 0, 0, 0),
(415, 15, 1, 0, 0, 0, 0, 0, 0),
(416, 99, 1, 0, 0, 0, 0, 0, 0),
(417, 102, 0, 0, 0, 0, 0, 0, 0),
(430, 92, 1, 0, 0, 0, 0, 0, 0),
(452, 16, 1, 0, 0, 0, 0, 0, 1),
(454, 120, 1, 0, 0, 0, 0, 0, 0),
(457, 121, 1, 0, 0, 0, 0, 0, 0),
(460, 119, 1, 0, 0, 0, 0, 0, 0),
(462, 122, 1, 0, 0, 0, 0, 0, 0),
(463, 123, 1, 0, 0, 0, 0, 0, 0),
(465, 125, 1, 0, 0, 0, 0, 0, 0),
(467, 124, 0, 0, 0, 0, 0, 0, 0),
(469, 126, 0, 0, 0, 0, 0, 0, 0),
(470, 18, 1, 0, 0, 0, 0, 0, 0),
(471, 113, 0, 0, 0, 0, 0, 0, 0),
(474, 35, 1, 0, 0, 0, 0, 0, 0),
(475, 43, 1, 0, 0, 0, 0, 0, 0),
(478, 116, 0, 0, 0, 0, 0, 0, 0);

-- --------------------------------------------------------

--
-- Table structure for table `state`
--

CREATE TABLE IF NOT EXISTS `state` (
  `id` int(11) NOT NULL AUTO_INCREMENT,
  `name` text COLLATE utf8_unicode_ci NOT NULL,
  PRIMARY KEY (`id`)
) ENGINE=InnoDB  DEFAULT CHARSET=utf8 COLLATE=utf8_unicode_ci AUTO_INCREMENT=37 ;

--
-- Dumping data for table `state`
--

INSERT INTO `state` (`id`, `name`) VALUES
(1, 'ANDHRA PRADESH'),
(2, 'ASSAM'),
(3, 'ARUNACHAL PRADESH'),
(4, 'BIHAR'),
(5, 'GUJRAT'),
(6, 'HARYANA'),
(7, 'HIMACHAL PRADESH'),
(8, 'JAMMU & KASHMIR'),
(9, 'KARNATAKA'),
(10, 'KERALA'),
(11, 'MADHYA PRADESH'),
(12, 'MAHARASHTRA'),
(13, 'MANIPUR'),
(14, 'MEGHALAYA'),
(15, 'MIZORAM'),
(16, 'NAGALAND'),
(17, 'ORISSA'),
(18, 'PUNJAB'),
(19, 'RAJASTHAN'),
(20, 'SIKKIM'),
(21, 'TAMIL NADU'),
(22, 'Telangana'),
(23, 'TRIPURA'),
(24, 'UTTAR PRADESH'),
(25, 'WEST BENGAL'),
(26, 'DELHI'),
(27, 'GOA'),
(28, 'PONDICHERY'),
(29, 'LAKSHDWEEP'),
(30, 'DAMAN & DIU'),
(31, 'DADRA & NAGAR'),
(32, 'CHANDIGARH'),
(33, 'ANDAMAN & NICOBAR'),
(34, 'UTTARANCHAL'),
(35, 'JHARKHAND'),
(36, 'CHATTISGARH');

-- --------------------------------------------------------

--
-- Table structure for table `user`
--

CREATE TABLE IF NOT EXISTS `user` (
  `id` int(11) NOT NULL AUTO_INCREMENT,
  `name` text COLLATE utf8_unicode_ci NOT NULL,
  `username` varchar(250) COLLATE utf8_unicode_ci NOT NULL,
  `password` text COLLATE utf8_unicode_ci NOT NULL,
  `isadmin` int(11) NOT NULL DEFAULT '0',
  PRIMARY KEY (`id`),
  UNIQUE KEY `username` (`username`)
) ENGINE=InnoDB  DEFAULT CHARSET=utf8 COLLATE=utf8_unicode_ci AUTO_INCREMENT=7 ;

--
-- Dumping data for table `user`
--

INSERT INTO `user` (`id`, `name`, `username`, `password`, `isadmin`) VALUES
(1, 'jaspal singh', 'jaspals', '5f4dcc3b5aa765d61d8327deb882cf99', 1),
(2, 'vikrant sharma', 'vikrant.s', '3dc1e4c3bc5b2ae63520627ea44df7fd', 1),
(3, 'sushil', 'sushil.solanki12', '6113e47408275abfbd5a75f0981ed1bd', 0),
(4, 'sushil', 'sushil.solanki', 'ec92d00d7c130df82512548cbc2b4701', 0),
(5, 'admin16483', 'adminadmin', 'ef73781effc5774100f87fe2f437a435', 0),
(6, 'Prem Singh Inda ', 'Prem Inda ', 'e8a4dc01645af3732213067e61547786', 0);

/*!40101 SET CHARACTER_SET_CLIENT=@OLD_CHARACTER_SET_CLIENT */;
/*!40101 SET CHARACTER_SET_RESULTS=@OLD_CHARACTER_SET_RESULTS */;
/*!40101 SET COLLATION_CONNECTION=@OLD_COLLATION_CONNECTION */;
